Dataset,Convolution,Aggregator,Iteration,MAE,RMSE,Maximum error,R2
BACE_REGR,GAT,Sum,0,1.0799,1.2745,3.0321,0.0285
BACE_REGR,GAT,Sum,1,1.0481,1.2459,3.0048,0.1378
BACE_REGR,GAT,Sum,2,1.0476,1.2454,3.0016,0.1397
BACE_REGR,GAT,Sum,3,1.048,1.2458,3.003,0.1386
BACE_REGR,GAT,Sum,4,1.0476,1.2454,3.0023,0.1395
BACE_REGR,GAT,Max,0,1.0626,1.2598,2.9366,0.5003
BACE_REGR,GAT,Max,1,1.0626,1.2598,2.9366,0.5002
BACE_REGR,GAT,Max,2,1.0626,1.2598,2.9366,0.5002
BACE_REGR,GAT,Max,3,1.0626,1.2598,2.9366,0.5002
BACE_REGR,GAT,Max,4,1.0626,1.2598,2.9366,0.5003
BACE_REGR,GAT,Mean,0,1.0674,1.2634,2.9483,0.0168
BACE_REGR,GAT,Mean,1,1.0674,1.2634,2.9483,0.0168
BACE_REGR,GAT,Mean,2,1.0674,1.2634,2.9483,0.0168
BACE_REGR,GAT,Mean,3,1.0674,1.2634,2.9483,0.0168
BACE_REGR,GAT,Mean,4,1.0674,1.2634,2.9483,0.0168
BACE_REGR,GAT,Dense,0,0.7771,0.9127,2.0127,0.5226
BACE_REGR,GAT,Dense,1,0.7728,0.931,2.1478,0.5211
BACE_REGR,GAT,Dense,2,0.7311,0.8889,2.3451,0.5318
BACE_REGR,GAT,Dense,3,0.7878,0.9331,2.2685,0.5107
BACE_REGR,GAT,Dense,4,0.7451,0.8889,2.1832,0.5901
BACE_REGR,GAT,GRU,0,0.7666,0.9287,2.6907,0.5833
BACE_REGR,GAT,GRU,1,0.7667,0.9287,2.6903,0.5835
BACE_REGR,GAT,GRU,2,0.7668,0.9288,2.69,0.5834
BACE_REGR,GAT,GRU,3,0.7666,0.9287,2.6898,0.5834
BACE_REGR,GAT,GRU,4,0.7674,0.9293,2.6892,0.5826
BACE_REGR,GAT,Set Transformer,0,1.0367,1.2535,3.0085,0.2534
BACE_REGR,GAT,Set Transformer,1,1.0367,1.2535,3.0085,0.2442
BACE_REGR,GAT,Set Transformer,2,1.0367,1.2535,3.0085,0.2478
BACE_REGR,GAT,Set Transformer,3,1.0367,1.2535,3.0085,0.2464
BACE_REGR,GAT,Set Transformer,4,1.0368,1.2535,3.0083,0.2194
BACE_REGR,GATv2,Sum,0,1.0464,1.2437,2.9865,0.1389
BACE_REGR,GATv2,Sum,1,1.0459,1.2433,2.9837,0.1409
BACE_REGR,GATv2,Sum,2,1.0462,1.2435,2.9857,0.1402
BACE_REGR,GATv2,Sum,3,1.0461,1.2435,2.9848,0.1402
BACE_REGR,GATv2,Sum,4,1.0458,1.2431,2.9827,0.1415
BACE_REGR,GATv2,Max,0,1.0411,1.2307,3.0888,0.2773
BACE_REGR,GATv2,Max,1,1.0415,1.2311,3.0906,0.2759
BACE_REGR,GATv2,Max,2,1.0416,1.2312,3.0911,0.2746
BACE_REGR,GATv2,Max,3,1.0419,1.2315,3.0917,0.2737
BACE_REGR,GATv2,Max,4,1.0416,1.2311,3.0914,0.2749
BACE_REGR,GATv2,Mean,0,1.0949,1.2818,3.0553,0.2853
BACE_REGR,GATv2,Mean,1,1.0949,1.2818,3.0553,0.2853
BACE_REGR,GATv2,Mean,2,1.0949,1.2818,3.0553,0.2854
BACE_REGR,GATv2,Mean,3,1.0949,1.2818,3.0553,0.2854
BACE_REGR,GATv2,Mean,4,1.0949,1.2818,3.0553,0.2853
BACE_REGR,GATv2,Dense,0,0.7717,0.9186,2.6085,0.5048
BACE_REGR,GATv2,Dense,1,0.7296,0.865,2.0611,0.5893
BACE_REGR,GATv2,Dense,2,0.7362,0.8875,2.1029,0.5592
BACE_REGR,GATv2,Dense,3,0.7419,0.8952,2.5994,0.524
BACE_REGR,GATv2,Dense,4,0.7701,0.8999,2.026,0.5492
BACE_REGR,GATv2,GRU,0,0.7862,0.9401,2.5896,0.5976
BACE_REGR,GATv2,GRU,1,0.7855,0.9395,2.5834,0.5984
BACE_REGR,GATv2,GRU,2,0.786,0.9401,2.5882,0.5979
BACE_REGR,GATv2,GRU,3,0.7862,0.9402,2.5859,0.5978
BACE_REGR,GATv2,GRU,4,0.7867,0.9407,2.5871,0.5972
BACE_REGR,GATv2,Set Transformer,0,1.0647,1.2612,2.9392,0.3998
BACE_REGR,GATv2,Set Transformer,1,1.0647,1.2612,2.9392,0.3994
BACE_REGR,GATv2,Set Transformer,2,1.0647,1.2612,2.9392,0.3995
BACE_REGR,GATv2,Set Transformer,3,1.0647,1.2612,2.9392,0.3996
BACE_REGR,GATv2,Set Transformer,4,1.0647,1.2612,2.9392,0.399
BACE_REGR,GCN,Sum,0,1.0967,1.2906,2.9053,0.056
BACE_REGR,GCN,Sum,1,1.0967,1.2906,2.9053,0.056
BACE_REGR,GCN,Sum,2,1.0967,1.2906,2.9053,0.056
BACE_REGR,GCN,Sum,3,1.0967,1.2906,2.9053,0.056
BACE_REGR,GCN,Sum,4,1.0967,1.2906,2.9053,0.056
BACE_REGR,GCN,Max,0,1.0462,1.2558,2.9847,0.0024
BACE_REGR,GCN,Max,1,1.0462,1.2558,2.9847,0.0024
BACE_REGR,GCN,Max,2,1.0462,1.2558,2.9847,0.0024
BACE_REGR,GCN,Max,3,1.0462,1.2558,2.9847,0.0024
BACE_REGR,GCN,Max,4,1.0462,1.2558,2.9847,0.0024
BACE_REGR,GCN,Mean,0,1.0477,1.2569,2.9759,0.0717
BACE_REGR,GCN,Mean,1,1.0477,1.2569,2.9759,0.0717
BACE_REGR,GCN,Mean,2,1.0477,1.2569,2.9759,0.0717
BACE_REGR,GCN,Mean,3,1.0477,1.2569,2.9759,0.0717
BACE_REGR,GCN,Mean,4,1.0477,1.2569,2.9759,0.0717
BACE_REGR,GCN,Dense,0,0.6774,0.8099,1.846,0.6685
BACE_REGR,GCN,Dense,1,0.7611,0.9026,2.227,0.6333
BACE_REGR,GCN,Dense,2,0.7111,0.8559,2.1092,0.6118
BACE_REGR,GCN,Dense,3,0.7013,0.8381,2.1096,0.6011
BACE_REGR,GCN,Dense,4,0.7276,0.8704,2.4267,0.6525
BACE_REGR,GCN,GRU,0,0.7643,0.9091,2.5622,0.6096
BACE_REGR,GCN,GRU,1,0.7651,0.9098,2.5603,0.6092
BACE_REGR,GCN,GRU,2,0.7646,0.9094,2.5638,0.6093
BACE_REGR,GCN,GRU,3,0.7644,0.9091,2.5642,0.6093
BACE_REGR,GCN,GRU,4,0.7645,0.9093,2.564,0.6093
BACE_REGR,GCN,Set Transformer,0,1.0299,1.2529,3.0488,0.0094
BACE_REGR,GCN,Set Transformer,1,1.0299,1.253,3.0488,0.0092
BACE_REGR,GCN,Set Transformer,2,1.0299,1.2529,3.0487,0.0093
BACE_REGR,GCN,Set Transformer,3,1.0299,1.2529,3.0487,0.0096
BACE_REGR,GCN,Set Transformer,4,1.03,1.253,3.0486,0.0089
BACE_REGR,GIN,Sum,0,1.0063,1.1833,2.5804,0.1391
BACE_REGR,GIN,Sum,1,1.0069,1.1838,2.5806,0.1384
BACE_REGR,GIN,Sum,2,1.0063,1.1831,2.5804,0.1396
BACE_REGR,GIN,Sum,3,1.0066,1.1833,2.5807,0.1395
BACE_REGR,GIN,Sum,4,1.0062,1.1832,2.5809,0.1395
BACE_REGR,GIN,Max,0,1.0376,1.2239,3.0675,0.2708
BACE_REGR,GIN,Max,1,1.0373,1.224,3.0693,0.2688
BACE_REGR,GIN,Max,2,1.0382,1.2248,3.0769,0.2625
BACE_REGR,GIN,Max,3,1.0395,1.2275,3.0519,0.2717
BACE_REGR,GIN,Max,4,1.0406,1.2281,3.0578,0.2739
BACE_REGR,GIN,Mean,0,0.952,1.1228,2.8382,0.5463
BACE_REGR,GIN,Mean,1,0.9608,1.1322,2.86,0.5394
BACE_REGR,GIN,Mean,2,0.9597,1.1313,2.859,0.5377
BACE_REGR,GIN,Mean,3,1.0159,1.1946,2.9574,0.4995
BACE_REGR,GIN,Mean,4,0.9597,1.1314,2.8596,0.5391
BACE_REGR,GIN,Dense,0,0.7959,0.9197,2.0786,0.5146
BACE_REGR,GIN,Dense,1,0.7674,0.8981,2.0112,0.5885
BACE_REGR,GIN,Dense,2,0.7454,0.8788,2.309,0.5629
BACE_REGR,GIN,Dense,3,0.7737,0.9143,2.3618,0.5095
BACE_REGR,GIN,Dense,4,0.7716,0.8958,2.1573,0.6019
BACE_REGR,GIN,GRU,0,0.7841,0.9521,2.4814,0.4931
BACE_REGR,GIN,GRU,1,0.787,0.9569,2.5401,0.491
BACE_REGR,GIN,GRU,2,0.7887,0.958,2.5244,0.49
BACE_REGR,GIN,GRU,3,0.7863,0.9545,2.5474,0.4923
BACE_REGR,GIN,GRU,4,0.786,0.9537,2.4747,0.4946
BACE_REGR,GIN,Set Transformer,0,1.0918,1.2768,3.0481,0.4005
BACE_REGR,GIN,Set Transformer,1,1.0918,1.2768,3.0481,0.4005
BACE_REGR,GIN,Set Transformer,2,1.0918,1.2768,3.0481,0.4005
BACE_REGR,GIN,Set Transformer,3,1.0918,1.2768,3.0481,0.4004
BACE_REGR,GIN,Set Transformer,4,1.0918,1.2768,3.0481,0.4005
BACE_REGR,PNA,Sum,0,1.0439,1.2407,3.0142,0.195
BACE_REGR,PNA,Sum,1,1.0543,1.2499,2.8971,0.2246
BACE_REGR,PNA,Sum,2,1.0763,1.269,3.0138,0.0096
BACE_REGR,PNA,Sum,3,1.0581,1.2517,2.879,0.4075
BACE_REGR,PNA,Sum,4,1.0585,1.2514,2.9046,0.3152
BACE_REGR,PNA,Max,0,1.072,1.2659,2.968,0.279
BACE_REGR,PNA,Max,1,1.072,1.2659,2.968,0.2888
BACE_REGR,PNA,Max,2,1.072,1.2659,2.9681,0.293
BACE_REGR,PNA,Max,3,1.072,1.2659,2.968,0.2847
BACE_REGR,PNA,Max,4,1.072,1.2659,2.9681,0.2869
BACE_REGR,PNA,Mean,0,1.0723,1.2661,2.9682,0.1556
BACE_REGR,PNA,Mean,1,1.0723,1.2661,2.9682,0.1519
BACE_REGR,PNA,Mean,2,1.0723,1.2661,2.9682,0.1509
BACE_REGR,PNA,Mean,3,1.0723,1.2661,2.9682,0.1484
BACE_REGR,PNA,Mean,4,1.0723,1.2661,2.9682,0.1551
BACE_REGR,PNA,Dense,0,0.705,0.8573,2.1225,0.563
BACE_REGR,PNA,Dense,1,0.7477,0.8962,2.2426,0.5024
BACE_REGR,PNA,Dense,2,0.7341,0.8613,2.032,0.5853
BACE_REGR,PNA,Dense,3,0.661,0.8052,2.0248,0.6073
BACE_REGR,PNA,Dense,4,0.6925,0.8231,1.9476,0.5995
BACE_REGR,PNA,GRU,0,0.8012,0.957,2.9548,0.5517
BACE_REGR,PNA,GRU,1,0.7921,0.9453,2.636,0.5738
BACE_REGR,PNA,GRU,2,0.7928,0.946,2.6486,0.5702
BACE_REGR,PNA,GRU,3,0.792,0.9462,2.671,0.5728
BACE_REGR,PNA,GRU,4,0.7874,0.9391,2.6657,0.5873
BACE_REGR,PNA,Set Transformer,0,1.0894,1.2774,3.0351,0.4212
BACE_REGR,PNA,Set Transformer,1,1.0894,1.2774,3.0352,0.4125
BACE_REGR,PNA,Set Transformer,2,1.0894,1.2774,3.0351,0.4114
BACE_REGR,PNA,Set Transformer,3,1.0894,1.2774,3.0351,0.4144
BACE_REGR,PNA,Set Transformer,4,1.0894,1.2774,3.0351,0.4119
ESOL,GAT,Sum,0,0.2801,0.3751,1.5033,0.8911
ESOL,GAT,Sum,1,0.2496,0.3239,0.9325,0.8837
ESOL,GAT,Sum,2,0.2461,0.334,1.0762,0.8917
ESOL,GAT,Sum,3,0.2518,0.334,1.0916,0.8986
ESOL,GAT,Sum,4,0.2114,0.2914,1.0688,0.9058
ESOL,GAT,Max,0,0.4,0.5651,2.1266,0.759
ESOL,GAT,Max,1,0.3696,0.4733,1.5565,0.764
ESOL,GAT,Max,2,0.4043,0.5196,1.3952,0.7534
ESOL,GAT,Max,3,0.371,0.4715,1.3475,0.8296
ESOL,GAT,Max,4,0.3452,0.4749,1.9317,0.7755
ESOL,GAT,Mean,0,0.3738,0.5137,2.0428,0.8005
ESOL,GAT,Mean,1,0.3147,0.4076,1.169,0.8248
ESOL,GAT,Mean,2,0.3174,0.4323,1.5191,0.8199
ESOL,GAT,Mean,3,0.323,0.4329,1.3669,0.8322
ESOL,GAT,Mean,4,0.3341,0.4459,1.3957,0.777
ESOL,GAT,Dense,0,0.2979,0.422,1.5586,0.8791
ESOL,GAT,Dense,1,0.2385,0.3274,1.2482,0.8831
ESOL,GAT,Dense,2,0.3055,0.4059,1.6509,0.8448
ESOL,GAT,Dense,3,0.3191,0.4429,1.7002,0.8278
ESOL,GAT,Dense,4,0.2537,0.3925,1.9357,0.8381
ESOL,GAT,GRU,0,0.2236,0.3189,1.5651,0.9154
ESOL,GAT,GRU,1,0.2574,0.3421,0.9641,0.867
ESOL,GAT,GRU,2,0.2365,0.34,1.3647,0.8897
ESOL,GAT,GRU,3,0.2865,0.3876,1.2438,0.8639
ESOL,GAT,GRU,4,0.2463,0.3492,1.5725,0.8605
ESOL,GAT,Set Transformer,0,0.3139,0.4314,1.8185,0.8614
ESOL,GAT,Set Transformer,1,0.2869,0.3687,1.0173,0.8577
ESOL,GAT,Set Transformer,2,0.2876,0.399,1.3851,0.8465
ESOL,GAT,Set Transformer,3,0.3381,0.4247,1.1605,0.8406
ESOL,GAT,Set Transformer,4,0.2477,0.3294,1.2936,0.8933
ESOL,GATv2,Sum,0,0.2417,0.329,1.4125,0.911
ESOL,GATv2,Sum,1,0.2334,0.3086,0.9939,0.8947
ESOL,GATv2,Sum,2,0.2481,0.3378,1.2127,0.8937
ESOL,GATv2,Sum,3,0.2579,0.3368,1.0664,0.8957
ESOL,GATv2,Sum,4,0.2388,0.3254,1.3397,0.89
ESOL,GATv2,Max,0,0.4175,0.5842,2.1972,0.757
ESOL,GATv2,Max,1,0.3894,0.51,1.7002,0.7619
ESOL,GATv2,Max,2,0.4129,0.5298,1.3581,0.7552
ESOL,GATv2,Max,3,0.3859,0.4965,1.3219,0.8198
ESOL,GATv2,Max,4,0.3642,0.4834,1.7719,0.792
ESOL,GATv2,Mean,0,0.3532,0.4974,2.1202,0.8109
ESOL,GATv2,Mean,1,0.3257,0.4278,1.3531,0.8088
ESOL,GATv2,Mean,2,0.3117,0.4253,1.4769,0.8259
ESOL,GATv2,Mean,3,0.2999,0.4096,1.403,0.8535
ESOL,GATv2,Mean,4,0.3253,0.4364,1.4773,0.7848
ESOL,GATv2,Dense,0,0.3074,0.44,1.7805,0.8622
ESOL,GATv2,Dense,1,0.2638,0.3592,1.5103,0.8701
ESOL,GATv2,Dense,2,0.322,0.4315,1.7283,0.832
ESOL,GATv2,Dense,3,0.3143,0.446,1.6427,0.8218
ESOL,GATv2,Dense,4,0.2511,0.3592,1.5294,0.8664
ESOL,GATv2,GRU,0,0.2216,0.3149,1.2667,0.9136
ESOL,GATv2,GRU,1,0.2589,0.345,1.0451,0.8657
ESOL,GATv2,GRU,2,0.2698,0.3735,1.5205,0.8727
ESOL,GATv2,GRU,3,0.2407,0.3334,1.328,0.8969
ESOL,GATv2,GRU,4,0.2361,0.3336,1.4208,0.8746
ESOL,GATv2,Set Transformer,0,0.2799,0.4085,1.8067,0.8645
ESOL,GATv2,Set Transformer,1,0.3046,0.3937,1.1343,0.837
ESOL,GATv2,Set Transformer,2,0.2621,0.3675,1.1875,0.8739
ESOL,GATv2,Set Transformer,3,0.3208,0.406,1.0946,0.8546
ESOL,GATv2,Set Transformer,4,0.2424,0.3278,1.3149,0.891
ESOL,GCN,Sum,0,0.2484,0.3363,1.4632,0.9045
ESOL,GCN,Sum,1,0.2286,0.3049,0.7543,0.9013
ESOL,GCN,Sum,2,0.2555,0.3487,1.1086,0.8823
ESOL,GCN,Sum,3,0.2743,0.3631,1.276,0.8773
ESOL,GCN,Sum,4,0.2252,0.3,1.2185,0.8992
ESOL,GCN,Max,0,0.3192,0.4844,2.567,0.8044
ESOL,GCN,Max,1,0.3197,0.4189,1.2414,0.8162
ESOL,GCN,Max,2,0.357,0.4569,1.349,0.7981
ESOL,GCN,Max,3,0.3526,0.4575,1.478,0.8091
ESOL,GCN,Max,4,0.3199,0.4073,1.1644,0.8125
ESOL,GCN,Mean,0,0.3871,0.5315,2.4924,0.7643
ESOL,GCN,Mean,1,0.403,0.5209,1.6024,0.7127
ESOL,GCN,Mean,2,0.3366,0.4356,1.3109,0.8181
ESOL,GCN,Mean,3,0.3284,0.4279,1.3246,0.8315
ESOL,GCN,Mean,4,0.3329,0.4613,1.4133,0.7609
ESOL,GCN,Dense,0,0.3323,0.4562,1.713,0.8595
ESOL,GCN,Dense,1,0.2468,0.3414,1.3344,0.8693
ESOL,GCN,Dense,2,0.3138,0.4167,1.5108,0.8371
ESOL,GCN,Dense,3,0.3387,0.4445,1.4883,0.8324
ESOL,GCN,Dense,4,0.2913,0.3962,1.8276,0.8401
ESOL,GCN,GRU,0,0.2942,0.4123,1.4618,0.8605
ESOL,GCN,GRU,1,0.2445,0.3269,1.0381,0.8828
ESOL,GCN,GRU,2,0.2824,0.4105,1.8866,0.8403
ESOL,GCN,GRU,3,0.2984,0.4036,1.5988,0.8485
ESOL,GCN,GRU,4,0.2479,0.3793,1.9518,0.8354
ESOL,GCN,Set Transformer,0,0.3049,0.4359,1.9753,0.8403
ESOL,GCN,Set Transformer,1,0.3228,0.4034,1.125,0.8547
ESOL,GCN,Set Transformer,2,0.2876,0.3996,1.2348,0.8479
ESOL,GCN,Set Transformer,3,0.3191,0.4093,1.2076,0.8518
ESOL,GCN,Set Transformer,4,0.2581,0.3433,1.2782,0.8847
ESOL,GIN,Sum,0,0.3325,0.424,1.4277,0.8541
ESOL,GIN,Sum,1,0.3169,0.4435,1.6198,0.7881
ESOL,GIN,Sum,2,0.3461,0.456,1.3897,0.7971
ESOL,GIN,Sum,3,0.3144,0.4194,1.3413,0.8363
ESOL,GIN,Sum,4,0.3351,0.4535,1.6733,0.7924
ESOL,GIN,Max,0,0.3718,0.5233,2.0374,0.7644
ESOL,GIN,Max,1,0.3485,0.4628,1.6821,0.7636
ESOL,GIN,Max,2,0.3658,0.5006,1.4812,0.7621
ESOL,GIN,Max,3,0.3336,0.4492,1.4158,0.8132
ESOL,GIN,Max,4,0.324,0.4242,1.2355,0.8003
ESOL,GIN,Mean,0,0.4081,0.5585,2.0734,0.7311
ESOL,GIN,Mean,1,0.3236,0.4103,1.1232,0.8296
ESOL,GIN,Mean,2,0.336,0.4505,1.54,0.8024
ESOL,GIN,Mean,3,0.3095,0.3963,1.3694,0.857
ESOL,GIN,Mean,4,0.3871,0.4849,1.464,0.7469
ESOL,GIN,Dense,0,0.3533,0.4972,1.7585,0.8261
ESOL,GIN,Dense,1,0.2627,0.3468,1.2538,0.8703
ESOL,GIN,Dense,2,0.3674,0.4698,1.7388,0.7971
ESOL,GIN,Dense,3,0.3542,0.4655,1.7909,0.8101
ESOL,GIN,Dense,4,0.3292,0.4652,2.2134,0.78
ESOL,GIN,GRU,0,0.288,0.3739,1.2162,0.8813
ESOL,GIN,GRU,1,0.2633,0.3554,1.4172,0.8766
ESOL,GIN,GRU,2,0.3309,0.4795,2.1204,0.7756
ESOL,GIN,GRU,3,0.2879,0.3727,1.3358,0.8745
ESOL,GIN,GRU,4,0.3092,0.4132,1.4845,0.8297
ESOL,GIN,Set Transformer,0,0.3206,0.4137,1.426,0.8739
ESOL,GIN,Set Transformer,1,0.2845,0.3747,0.9903,0.845
ESOL,GIN,Set Transformer,2,0.3274,0.4334,1.285,0.8181
ESOL,GIN,Set Transformer,3,0.3743,0.4755,1.2977,0.8003
ESOL,GIN,Set Transformer,4,0.3144,0.4146,1.6581,0.8401
ESOL,PNA,Sum,0,0.2394,0.3361,1.5938,0.9113
ESOL,PNA,Sum,1,0.2563,0.3346,0.954,0.8762
ESOL,PNA,Sum,2,0.259,0.3381,0.9598,0.8898
ESOL,PNA,Sum,3,0.309,0.3986,1.3168,0.8518
ESOL,PNA,Sum,4,0.24,0.3234,0.984,0.8873
ESOL,PNA,Max,0,0.3751,0.5276,2.4743,0.7556
ESOL,PNA,Max,1,0.3137,0.4504,1.7384,0.7781
ESOL,PNA,Max,2,0.3772,0.487,1.4037,0.7722
ESOL,PNA,Max,3,0.3172,0.4146,1.3461,0.8429
ESOL,PNA,Max,4,0.2847,0.3708,1.1136,0.8428
ESOL,PNA,Mean,0,0.3614,0.5134,2.2906,0.7877
ESOL,PNA,Mean,1,0.3357,0.4364,1.1746,0.7908
ESOL,PNA,Mean,2,0.3276,0.4366,1.4861,0.8128
ESOL,PNA,Mean,3,0.3324,0.4391,1.272,0.8254
ESOL,PNA,Mean,4,0.3234,0.4423,1.4732,0.7768
ESOL,PNA,Dense,0,0.2973,0.4194,1.7797,0.8662
ESOL,PNA,Dense,1,0.2528,0.3428,1.2604,0.8859
ESOL,PNA,Dense,2,0.3042,0.4091,1.3277,0.8421
ESOL,PNA,Dense,3,0.3309,0.4724,1.8621,0.8065
ESOL,PNA,Dense,4,0.3159,0.4207,1.7943,0.8239
ESOL,PNA,GRU,0,0.3413,0.4491,1.6226,0.8247
ESOL,PNA,GRU,1,0.3701,0.4803,1.5754,0.7495
ESOL,PNA,GRU,2,0.2763,0.3865,1.4403,0.8603
ESOL,PNA,GRU,3,0.6796,0.8741,2.8263,0.3144
ESOL,PNA,GRU,4,0.3616,0.4897,1.9404,0.7409
ESOL,PNA,Set Transformer,0,0.264,0.3818,1.7013,0.8859
ESOL,PNA,Set Transformer,1,0.2829,0.3753,1.1966,0.8532
ESOL,PNA,Set Transformer,2,0.2857,0.3901,1.2422,0.8618
ESOL,PNA,Set Transformer,3,0.2906,0.3776,1.0528,0.8688
ESOL,PNA,Set Transformer,4,0.241,0.3132,1.1393,0.9019
FreeSolv,GAT,Sum,0,0.1612,0.2124,0.7173,0.9605
FreeSolv,GAT,Sum,1,0.209,0.2913,1.1581,0.8888
FreeSolv,GAT,Sum,2,0.2217,0.3608,1.9133,0.8721
FreeSolv,GAT,Sum,3,0.2336,0.355,1.5079,0.8336
FreeSolv,GAT,Sum,4,0.1674,0.2615,0.9769,0.9349
FreeSolv,GAT,Max,0,0.2377,0.3396,1.708,0.9187
FreeSolv,GAT,Max,1,0.2262,0.311,1.1363,0.89
FreeSolv,GAT,Max,2,0.2884,0.4019,1.5195,0.8642
FreeSolv,GAT,Max,3,0.2356,0.3121,0.9479,0.8795
FreeSolv,GAT,Max,4,0.2326,0.3333,1.2205,0.9118
FreeSolv,GAT,Mean,0,0.202,0.2814,1.0076,0.9345
FreeSolv,GAT,Mean,1,0.2143,0.2911,1.0329,0.8845
FreeSolv,GAT,Mean,2,0.2677,0.3704,1.3376,0.8632
FreeSolv,GAT,Mean,3,0.2472,0.3346,0.9357,0.8534
FreeSolv,GAT,Mean,4,0.2145,0.2955,0.7556,0.9148
FreeSolv,GAT,Dense,0,0.2276,0.2984,0.889,0.9307
FreeSolv,GAT,Dense,1,0.1977,0.2913,1.2372,0.895
FreeSolv,GAT,Dense,2,0.22,0.2954,0.8567,0.9244
FreeSolv,GAT,Dense,3,0.2373,0.3353,1.0309,0.8514
FreeSolv,GAT,Dense,4,0.2146,0.312,0.9694,0.9267
FreeSolv,GAT,GRU,0,0.1562,0.2093,0.6338,0.9608
FreeSolv,GAT,GRU,1,0.2147,0.3085,1.3157,0.8709
FreeSolv,GAT,GRU,2,0.2245,0.3337,1.4746,0.8847
FreeSolv,GAT,GRU,3,0.2407,0.3678,1.2931,0.8217
FreeSolv,GAT,GRU,4,0.1472,0.2151,0.7342,0.957
FreeSolv,GAT,Set Transformer,0,0.1732,0.2443,0.8702,0.96
FreeSolv,GAT,Set Transformer,1,0.1863,0.2762,1.0516,0.9192
FreeSolv,GAT,Set Transformer,2,0.2331,0.3283,1.3719,0.9019
FreeSolv,GAT,Set Transformer,3,0.2245,0.3341,1.1734,0.8565
FreeSolv,GAT,Set Transformer,4,0.217,0.3477,1.4749,0.8824
FreeSolv,GATv2,Sum,0,0.188,0.2428,0.6304,0.9536
FreeSolv,GATv2,Sum,1,0.2167,0.3012,1.163,0.8807
FreeSolv,GATv2,Sum,2,0.2355,0.3564,1.7359,0.8788
FreeSolv,GATv2,Sum,3,0.2352,0.3584,1.607,0.8323
FreeSolv,GATv2,Sum,4,0.179,0.2717,0.9759,0.9293
FreeSolv,GATv2,Max,0,0.2394,0.3396,1.7342,0.934
FreeSolv,GATv2,Max,1,0.2502,0.3237,1.0822,0.8863
FreeSolv,GATv2,Max,2,0.2867,0.3912,1.3744,0.8687
FreeSolv,GATv2,Max,3,0.2624,0.3383,0.8505,0.8597
FreeSolv,GATv2,Max,4,0.2376,0.3456,1.4149,0.9134
FreeSolv,GATv2,Mean,0,0.2513,0.3225,1.1058,0.9108
FreeSolv,GATv2,Mean,1,0.2206,0.3002,1.2736,0.8785
FreeSolv,GATv2,Mean,2,0.2816,0.3789,1.2684,0.8676
FreeSolv,GATv2,Mean,3,0.2556,0.3522,1.0168,0.8359
FreeSolv,GATv2,Mean,4,0.228,0.3061,0.9693,0.9124
FreeSolv,GATv2,Dense,0,0.1978,0.2527,0.7594,0.9499
FreeSolv,GATv2,Dense,1,0.1997,0.2622,0.8933,0.9148
FreeSolv,GATv2,Dense,2,0.2213,0.2893,1.0482,0.9318
FreeSolv,GATv2,Dense,3,0.245,0.3447,1.2819,0.852
FreeSolv,GATv2,Dense,4,0.1849,0.283,1.263,0.9233
FreeSolv,GATv2,GRU,0,0.1898,0.2402,0.7016,0.949
FreeSolv,GATv2,GRU,1,0.1826,0.2495,0.7955,0.9166
FreeSolv,GATv2,GRU,2,0.2085,0.345,1.4679,0.8725
FreeSolv,GATv2,GRU,3,0.227,0.3629,1.4804,0.8295
FreeSolv,GATv2,GRU,4,0.1643,0.2491,1.0257,0.9403
FreeSolv,GATv2,Set Transformer,0,0.1903,0.2665,1.0628,0.9469
FreeSolv,GATv2,Set Transformer,1,0.2038,0.2789,0.9617,0.914
FreeSolv,GATv2,Set Transformer,2,0.2428,0.332,1.2325,0.909
FreeSolv,GATv2,Set Transformer,3,0.219,0.3275,1.2192,0.8558
FreeSolv,GATv2,Set Transformer,4,0.1971,0.3179,1.1439,0.9021
FreeSolv,GCN,Sum,0,0.1471,0.1905,0.4845,0.9694
FreeSolv,GCN,Sum,1,0.1685,0.2458,0.9998,0.9183
FreeSolv,GCN,Sum,2,0.2097,0.3473,1.8937,0.8823
FreeSolv,GCN,Sum,3,0.247,0.3855,1.7168,0.8047
FreeSolv,GCN,Sum,4,0.1816,0.2722,0.8718,0.9272
FreeSolv,GCN,Max,0,0.1753,0.2424,0.7865,0.9476
FreeSolv,GCN,Max,1,0.1675,0.2276,0.6986,0.9303
FreeSolv,GCN,Max,2,0.2574,0.3765,1.3141,0.8515
FreeSolv,GCN,Max,3,0.21,0.3004,1.0755,0.8801
FreeSolv,GCN,Max,4,0.1753,0.2516,0.8134,0.9394
FreeSolv,GCN,Mean,0,0.202,0.2756,0.7533,0.9401
FreeSolv,GCN,Mean,1,0.2002,0.2655,0.899,0.9041
FreeSolv,GCN,Mean,2,0.4266,0.6017,2.2433,0.6442
FreeSolv,GCN,Mean,3,0.2636,0.3435,1.0812,0.845
FreeSolv,GCN,Mean,4,0.225,0.3094,1.1154,0.9141
FreeSolv,GCN,Dense,0,0.2269,0.2816,0.7759,0.9373
FreeSolv,GCN,Dense,1,0.2026,0.2547,0.7151,0.9169
FreeSolv,GCN,Dense,2,0.2727,0.3522,1.1522,0.8975
FreeSolv,GCN,Dense,3,0.2815,0.3977,1.3467,0.7897
FreeSolv,GCN,Dense,4,0.2658,0.3601,1.1753,0.8864
FreeSolv,GCN,GRU,0,0.1536,0.2,0.5849,0.9696
FreeSolv,GCN,GRU,1,0.1736,0.2501,0.915,0.916
FreeSolv,GCN,GRU,2,0.2103,0.3063,1.3378,0.9018
FreeSolv,GCN,GRU,3,0.2344,0.3676,1.5124,0.8229
FreeSolv,GCN,GRU,4,0.6471,0.9394,3.7379,0.1694
FreeSolv,GCN,Set Transformer,0,0.1806,0.2326,0.6577,0.963
FreeSolv,GCN,Set Transformer,1,0.1901,0.2476,0.7377,0.9365
FreeSolv,GCN,Set Transformer,2,0.2273,0.3263,1.5555,0.8961
FreeSolv,GCN,Set Transformer,3,0.2293,0.3178,1.0989,0.8659
FreeSolv,GCN,Set Transformer,4,0.2347,0.3486,1.1484,0.891
FreeSolv,GIN,Sum,0,0.2231,0.3125,1.2583,0.9275
FreeSolv,GIN,Sum,1,0.2677,0.3872,1.5984,0.7983
FreeSolv,GIN,Sum,2,0.2742,0.4501,2.3352,0.8054
FreeSolv,GIN,Sum,3,0.3409,0.4332,1.2319,0.7563
FreeSolv,GIN,Sum,4,0.2312,0.373,1.9858,0.8794
FreeSolv,GIN,Max,0,0.2547,0.3544,1.2032,0.9014
FreeSolv,GIN,Max,1,0.2199,0.2814,0.697,0.8922
FreeSolv,GIN,Max,2,0.3016,0.382,1.1252,0.8548
FreeSolv,GIN,Max,3,0.2271,0.3103,0.8611,0.8726
FreeSolv,GIN,Max,4,0.2491,0.3337,1.0857,0.8928
FreeSolv,GIN,Mean,0,0.2417,0.3464,1.5176,0.9157
FreeSolv,GIN,Mean,1,0.2402,0.3269,1.2499,0.8554
FreeSolv,GIN,Mean,2,0.33,0.4079,1.0076,0.8385
FreeSolv,GIN,Mean,3,0.2491,0.3304,0.9244,0.8545
FreeSolv,GIN,Mean,4,0.2979,0.3879,1.1715,0.8533
FreeSolv,GIN,Dense,0,0.2412,0.2866,0.7449,0.9328
FreeSolv,GIN,Dense,1,0.2324,0.3098,1.2367,0.8721
FreeSolv,GIN,Dense,2,0.3269,0.4514,1.7517,0.7977
FreeSolv,GIN,Dense,3,0.2714,0.3667,1.1573,0.8343
FreeSolv,GIN,Dense,4,0.252,0.3311,1.1234,0.8961
FreeSolv,GIN,GRU,0,0.2247,0.3019,0.8997,0.9383
FreeSolv,GIN,GRU,1,0.1992,0.2546,0.7423,0.9118
FreeSolv,GIN,GRU,2,0.2325,0.336,1.5473,0.8846
FreeSolv,GIN,GRU,3,0.3377,0.4991,1.6665,0.7275
FreeSolv,GIN,GRU,4,0.1928,0.2805,1.1325,0.9268
FreeSolv,GIN,Set Transformer,0,0.2213,0.3218,1.2736,0.945
FreeSolv,GIN,Set Transformer,1,0.2372,0.3191,0.9236,0.8823
FreeSolv,GIN,Set Transformer,2,0.2489,0.3708,1.5574,0.8625
FreeSolv,GIN,Set Transformer,3,0.1781,0.285,1.4898,0.8965
FreeSolv,GIN,Set Transformer,4,0.2274,0.3653,1.6228,0.8815
FreeSolv,PNA,Sum,0,0.1822,0.2888,1.4344,0.9372
FreeSolv,PNA,Sum,1,0.2011,0.2675,0.8748,0.9061
FreeSolv,PNA,Sum,2,0.2346,0.3872,2.021,0.8569
FreeSolv,PNA,Sum,3,0.2429,0.3762,1.808,0.8148
FreeSolv,PNA,Sum,4,0.2149,0.339,1.5764,0.8982
FreeSolv,PNA,Max,0,0.1886,0.2376,0.5802,0.9536
FreeSolv,PNA,Max,1,0.192,0.2728,0.9464,0.8999
FreeSolv,PNA,Max,2,0.2369,0.3406,1.3531,0.8807
FreeSolv,PNA,Max,3,0.2208,0.307,1.1899,0.8762
FreeSolv,PNA,Max,4,0.1961,0.2623,0.9189,0.9325
FreeSolv,PNA,Mean,0,0.2423,0.3011,0.7721,0.9262
FreeSolv,PNA,Mean,1,0.2231,0.2941,1.0645,0.8869
FreeSolv,PNA,Mean,2,0.308,0.3955,0.953,0.8368
FreeSolv,PNA,Mean,3,0.2475,0.347,1.0089,0.8428
FreeSolv,PNA,Mean,4,0.2499,0.347,1.0085,0.8901
FreeSolv,PNA,Dense,0,0.177,0.2174,0.5402,0.9635
FreeSolv,PNA,Dense,1,0.2243,0.2912,0.8833,0.9049
FreeSolv,PNA,Dense,2,0.2381,0.3308,1.0781,0.8993
FreeSolv,PNA,Dense,3,0.2278,0.3229,1.0637,0.8728
FreeSolv,PNA,Dense,4,0.192,0.271,0.7831,0.9346
FreeSolv,PNA,GRU,0,0.2951,0.3726,1.1212,0.9161
FreeSolv,PNA,GRU,1,0.1499,0.2001,0.6742,0.9494
FreeSolv,PNA,GRU,2,0.2904,0.4099,1.2796,0.834
FreeSolv,PNA,GRU,3,0.2099,0.2811,0.9631,0.8956
FreeSolv,PNA,GRU,4,0.3283,0.4743,2.0938,0.8212
FreeSolv,PNA,Set Transformer,0,0.2041,0.2913,1.3173,0.9424
FreeSolv,PNA,Set Transformer,1,0.1674,0.236,0.7801,0.9497
FreeSolv,PNA,Set Transformer,2,0.2037,0.3266,1.6807,0.8939
FreeSolv,PNA,Set Transformer,3,0.1843,0.275,1.0417,0.9087
FreeSolv,PNA,Set Transformer,4,0.2055,0.3028,0.9991,0.9107
Lipo,GAT,Sum,0,0.3831,0.5067,2.7473,0.7644
Lipo,GAT,Sum,1,0.3579,0.505,4.6325,0.7102
Lipo,GAT,Sum,2,0.4216,0.5501,2.3244,0.7016
Lipo,GAT,Sum,3,0.3473,0.4873,2.656,0.7456
Lipo,GAT,Sum,4,0.4476,0.5934,2.8951,0.6945
Lipo,GAT,Max,0,0.5917,0.7349,2.3786,0.4985
Lipo,GAT,Max,1,0.5244,0.6645,2.6534,0.5362
Lipo,GAT,Max,2,0.5391,0.6872,2.1203,0.54
Lipo,GAT,Max,3,0.5064,0.66,2.3242,0.5573
Lipo,GAT,Max,4,0.5835,0.745,2.4467,0.5395
Lipo,GAT,Mean,0,0.4729,0.5962,2.4205,0.6658
Lipo,GAT,Mean,1,0.4743,0.5989,2.8718,0.5953
Lipo,GAT,Mean,2,0.4692,0.5968,2.0928,0.6492
Lipo,GAT,Mean,3,0.41,0.5633,3.5246,0.6622
Lipo,GAT,Mean,4,0.5628,0.71,2.2529,0.5728
Lipo,GAT,Dense,0,0.5115,0.6692,2.3753,0.5864
Lipo,GAT,Dense,1,0.5157,0.665,2.9182,0.4943
Lipo,GAT,Dense,2,0.5279,0.6735,2.7676,0.5421
Lipo,GAT,Dense,3,0.499,0.647,3.1489,0.5544
Lipo,GAT,Dense,4,0.5946,0.7577,2.7788,0.4995
Lipo,GAT,GRU,0,0.6335,0.7671,2.413,0.5134
Lipo,GAT,GRU,1,0.5152,0.6433,3.0498,0.5548
Lipo,GAT,GRU,2,0.437,0.5691,2.1198,0.6754
Lipo,GAT,GRU,3,0.4312,0.5781,2.9428,0.6472
Lipo,GAT,GRU,4,0.4808,0.6279,2.5995,0.6565
Lipo,GAT,Set Transformer,0,0.4075,0.5263,2.6531,0.7336
Lipo,GAT,Set Transformer,1,0.4104,0.5383,2.3595,0.6698
Lipo,GAT,Set Transformer,2,0.4455,0.5657,2.3518,0.6911
Lipo,GAT,Set Transformer,3,0.415,0.5593,2.5015,0.663
Lipo,GAT,Set Transformer,4,0.4369,0.5863,2.7721,0.7005
Lipo,GATv2,Sum,0,0.3785,0.5151,2.8217,0.7481
Lipo,GATv2,Sum,1,0.3636,0.4911,3.4254,0.7239
Lipo,GATv2,Sum,2,0.4206,0.5542,2.5943,0.6868
Lipo,GATv2,Sum,3,0.3661,0.5027,2.8504,0.7311
Lipo,GATv2,Sum,4,0.4313,0.5775,2.774,0.7103
Lipo,GATv2,Max,0,0.5968,0.7379,2.4238,0.4881
Lipo,GATv2,Max,1,0.5594,0.7026,2.2024,0.4743
Lipo,GATv2,Max,2,0.5799,0.7339,2.2697,0.4818
Lipo,GATv2,Max,3,0.5404,0.6976,3.0161,0.4911
Lipo,GATv2,Max,4,0.5971,0.7629,2.3377,0.5189
Lipo,GATv2,Mean,0,0.4719,0.5961,2.4106,0.6639
Lipo,GATv2,Mean,1,0.4242,0.5502,3.068,0.6614
Lipo,GATv2,Mean,2,0.4792,0.6161,2.4126,0.6288
Lipo,GATv2,Mean,3,0.409,0.5579,3.5561,0.6687
Lipo,GATv2,Mean,4,0.4862,0.6352,2.3714,0.6589
Lipo,GATv2,Dense,0,0.4956,0.6507,2.2397,0.5942
Lipo,GATv2,Dense,1,0.5227,0.6746,2.4898,0.4802
Lipo,GATv2,Dense,2,0.5311,0.6826,2.7069,0.5296
Lipo,GATv2,Dense,3,0.503,0.6553,3.2905,0.54
Lipo,GATv2,Dense,4,0.5792,0.7406,2.7962,0.5295
Lipo,GATv2,GRU,0,0.4645,0.6048,2.781,0.6785
Lipo,GATv2,GRU,1,0.5307,0.6577,3.0706,0.5538
Lipo,GATv2,GRU,2,0.4436,0.5747,2.769,0.6823
Lipo,GATv2,GRU,3,0.5874,0.7684,2.8249,0.5796
Lipo,GATv2,GRU,4,0.5736,0.759,3.0177,0.5873
Lipo,GATv2,Set Transformer,0,0.383,0.51,2.5728,0.7495
Lipo,GATv2,Set Transformer,1,0.3786,0.5039,2.0193,0.7108
Lipo,GATv2,Set Transformer,2,0.4436,0.5671,2.7911,0.6898
Lipo,GATv2,Set Transformer,3,0.4149,0.5523,2.6797,0.6718
Lipo,GATv2,Set Transformer,4,0.4311,0.5824,2.5531,0.7088
Lipo,GCN,Sum,0,0.4269,0.5555,2.6246,0.7123
Lipo,GCN,Sum,1,0.3759,0.554,5.7481,0.6505
Lipo,GCN,Sum,2,0.447,0.5827,2.8072,0.6545
Lipo,GCN,Sum,3,0.3784,0.5206,3.0197,0.7163
Lipo,GCN,Sum,4,0.4611,0.6245,2.6876,0.6611
Lipo,GCN,Max,0,0.4672,0.6149,2.6072,0.6459
Lipo,GCN,Max,1,0.4585,0.6078,3.6824,0.5772
Lipo,GCN,Max,2,0.5117,0.6565,2.1129,0.561
Lipo,GCN,Max,3,0.4473,0.5959,2.3527,0.6196
Lipo,GCN,Max,4,0.5186,0.6941,2.8852,0.5824
Lipo,GCN,Mean,0,0.4631,0.5841,2.3858,0.6725
Lipo,GCN,Mean,1,0.4419,0.5778,3.864,0.6172
Lipo,GCN,Mean,2,0.563,0.7254,2.8395,0.4638
Lipo,GCN,Mean,3,0.4488,0.5816,2.3583,0.6353
Lipo,GCN,Mean,4,0.5902,0.7531,2.3765,0.5074
Lipo,GCN,Dense,0,0.5176,0.6765,2.3758,0.5593
Lipo,GCN,Dense,1,0.5269,0.6715,2.1084,0.4908
Lipo,GCN,Dense,2,0.5339,0.6914,3.2101,0.5131
Lipo,GCN,Dense,3,0.5315,0.683,3.6264,0.5107
Lipo,GCN,Dense,4,0.5838,0.7497,2.6025,0.5121
Lipo,GCN,GRU,0,0.5173,0.672,2.6937,0.581
Lipo,GCN,GRU,1,0.5005,0.6338,3.1289,0.5444
Lipo,GCN,GRU,2,0.5138,0.6772,2.7711,0.548
Lipo,GCN,GRU,3,0.4311,0.5784,2.4129,0.6676
Lipo,GCN,GRU,4,0.5311,0.7087,2.9851,0.5793
Lipo,GCN,Set Transformer,0,0.4272,0.5446,2.5509,0.7181
Lipo,GCN,Set Transformer,1,0.4366,0.5634,2.6585,0.6526
Lipo,GCN,Set Transformer,2,0.43,0.5577,2.6425,0.6873
Lipo,GCN,Set Transformer,3,0.4208,0.5617,2.359,0.6592
Lipo,GCN,Set Transformer,4,0.4422,0.6045,2.9987,0.6818
Lipo,GIN,Sum,0,0.3938,0.5444,3.1163,0.7167
Lipo,GIN,Sum,1,0.3825,0.5495,5.0568,0.6663
Lipo,GIN,Sum,2,0.3922,0.5362,3.3109,0.7185
Lipo,GIN,Sum,3,0.3836,0.5362,2.7769,0.7036
Lipo,GIN,Sum,4,0.426,0.5924,2.8309,0.698
Lipo,GIN,Max,0,0.4389,0.5804,2.7424,0.6801
Lipo,GIN,Max,1,0.4583,0.631,3.4167,0.5784
Lipo,GIN,Max,2,0.43,0.5839,2.7951,0.6575
Lipo,GIN,Max,3,0.4009,0.5528,2.4025,0.6719
Lipo,GIN,Max,4,0.4801,0.644,2.7842,0.6427
Lipo,GIN,Mean,0,0.43,0.5576,2.3896,0.7046
Lipo,GIN,Mean,1,0.4259,0.5685,3.6999,0.631
Lipo,GIN,Mean,2,0.5006,0.6517,2.7252,0.5681
Lipo,GIN,Mean,3,0.4206,0.5617,2.4438,0.6705
Lipo,GIN,Mean,4,0.5254,0.6805,2.3756,0.6017
Lipo,GIN,Dense,0,0.5114,0.6609,2.21,0.5848
Lipo,GIN,Dense,1,0.5175,0.6569,2.0639,0.5065
Lipo,GIN,Dense,2,0.5273,0.6815,2.8392,0.5289
Lipo,GIN,Dense,3,0.5162,0.6726,3.2277,0.5118
Lipo,GIN,Dense,4,0.5672,0.7302,2.556,0.5354
Lipo,GIN,GRU,0,0.5197,0.6725,2.5655,0.5842
Lipo,GIN,GRU,1,0.44,0.5956,3.5043,0.6283
Lipo,GIN,GRU,2,0.4944,0.6586,2.7642,0.5825
Lipo,GIN,GRU,3,0.4153,0.5493,2.6263,0.6865
Lipo,GIN,GRU,4,0.5439,0.7134,2.9495,0.5785
Lipo,GIN,Set Transformer,0,0.3961,0.5257,2.5711,0.7409
Lipo,GIN,Set Transformer,1,0.4185,0.5532,2.4581,0.6584
Lipo,GIN,Set Transformer,2,0.4182,0.5504,2.3403,0.6979
Lipo,GIN,Set Transformer,3,0.4067,0.5577,2.6305,0.6677
Lipo,GIN,Set Transformer,4,0.4271,0.5764,2.9225,0.7168
Lipo,PNA,Sum,0,0.3567,0.5036,2.7296,0.7571
Lipo,PNA,Sum,1,0.3502,0.5066,4.7006,0.709
Lipo,PNA,Sum,2,0.3742,0.4975,2.9498,0.7585
Lipo,PNA,Sum,3,0.3269,0.4596,2.5508,0.7781
Lipo,PNA,Sum,4,0.4068,0.5642,2.9322,0.7275
Lipo,PNA,Max,0,0.393,0.5365,2.748,0.7282
Lipo,PNA,Max,1,0.4168,0.5532,3.1521,0.6529
Lipo,PNA,Max,2,0.4263,0.579,2.7279,0.6843
Lipo,PNA,Max,3,0.4257,0.6001,3.249,0.618
Lipo,PNA,Max,4,0.4438,0.5931,2.7795,0.6999
Lipo,PNA,Mean,0,0.4312,0.5459,2.2279,0.7125
Lipo,PNA,Mean,1,0.3986,0.5355,3.4848,0.677
Lipo,PNA,Mean,2,0.4473,0.5766,2.182,0.6614
Lipo,PNA,Mean,3,0.4007,0.553,3.396,0.6838
Lipo,PNA,Mean,4,0.503,0.6531,2.5703,0.6365
Lipo,PNA,Dense,0,0.4651,0.6152,2.5472,0.6363
Lipo,PNA,Dense,1,0.4601,0.606,2.6394,0.5906
Lipo,PNA,Dense,2,0.4999,0.6303,2.5984,0.596
Lipo,PNA,Dense,3,0.4563,0.602,3.1298,0.616
Lipo,PNA,Dense,4,0.5106,0.6734,3.1676,0.6107
Lipo,PNA,GRU,0,0.4766,0.6171,2.6716,0.6542
Lipo,PNA,GRU,1,0.4182,0.5504,1.9359,0.6575
Lipo,PNA,GRU,2,0.7572,0.9515,2.9465,0.1151
Lipo,PNA,GRU,3,0.4013,0.5536,3.1227,0.6747
Lipo,PNA,GRU,4,0.5191,0.6774,2.7119,0.604
Lipo,PNA,Set Transformer,0,0.3629,0.4934,2.868,0.7649
Lipo,PNA,Set Transformer,1,0.3679,0.4754,1.8935,0.7482
Lipo,PNA,Set Transformer,2,0.4415,0.5631,2.58,0.6972
Lipo,PNA,Set Transformer,3,0.3868,0.5345,3.0372,0.6925
Lipo,PNA,Set Transformer,4,0.4151,0.5652,2.8824,0.7307
QM7,GAT,Sum,0,0.7628,0.9687,3.7514,0.0843
QM7,GAT,Sum,1,0.763,0.9643,4.7776,0.1141
QM7,GAT,Sum,2,0.8096,1.0277,4.1442,0.0939
QM7,GAT,Sum,3,0.7321,0.9229,3.4531,0.1181
QM7,GAT,Sum,4,0.7268,0.9214,3.183,0.0991
QM7,GAT,Max,0,0.7969,0.9976,3.4874,0.0281
QM7,GAT,Max,1,0.7694,0.9777,4.7962,0.0882
QM7,GAT,Max,2,0.8365,1.0578,4.2381,0.047
QM7,GAT,Max,3,0.7395,0.9307,3.4128,0.1022
QM7,GAT,Max,4,0.7482,0.9468,3.7487,0.0485
QM7,GAT,Mean,0,0.7965,0.9971,3.594,0.0291
QM7,GAT,Mean,1,0.7919,1.0034,5.2231,0.038
QM7,GAT,Mean,2,0.849,1.0695,4.089,0.025
QM7,GAT,Mean,3,0.7907,0.9804,3.3026,0.0104
QM7,GAT,Mean,4,0.7396,0.9416,3.6606,0.064
QM7,GAT,Dense,0,0.7914,0.983,3.1832,0.0657
QM7,GAT,Dense,1,0.7919,1.0017,4.5746,0.0434
QM7,GAT,Dense,2,0.8538,1.0611,3.7198,0.0468
QM7,GAT,Dense,3,0.7791,0.9743,3.4022,0.0341
QM7,GAT,Dense,4,0.7451,0.9376,3.5676,0.0955
QM7,GAT,GRU,0,0.6906,0.8787,4.1021,0.2509
QM7,GAT,GRU,1,0.7191,0.8976,3.5463,0.2403
QM7,GAT,GRU,2,0.751,0.9331,3.3404,0.2513
QM7,GAT,GRU,3,0.6904,0.8785,3.172,0.2005
QM7,GAT,GRU,4,0.6615,0.8247,2.5162,0.2698
QM7,GAT,Set Transformer,0,0.8137,1.0115,3.0102,0.0014
QM7,GAT,Set Transformer,1,0.8148,1.023,5.0859,0.0365
QM7,GAT,Set Transformer,2,0.8682,1.0825,4.2338,0.0104
QM7,GAT,Set Transformer,3,0.7925,0.9822,3.332,0.0027
QM7,GAT,Set Transformer,4,0.768,0.9672,3.8829,0.0354
QM7,GATv2,Sum,0,0.7942,0.9946,3.539,0.0333
QM7,GATv2,Sum,1,0.7445,0.9532,4.7564,0.1317
QM7,GATv2,Sum,2,0.8283,1.0544,4.2776,0.06
QM7,GATv2,Sum,3,0.7905,0.9814,3.3592,0.0055
QM7,GATv2,Sum,4,0.7533,0.9564,3.9805,0.0258
QM7,GATv2,Max,0,0.7928,0.9913,3.4676,0.0415
QM7,GATv2,Max,1,0.7722,0.9844,5.136,0.0738
QM7,GATv2,Max,2,0.85,1.0706,4.3,0.0208
QM7,GATv2,Max,3,0.7927,0.9835,3.3698,0.0011
QM7,GATv2,Max,4,0.7554,0.9567,3.965,0.0246
QM7,GATv2,Mean,0,0.7963,0.9975,3.5942,0.0284
QM7,GATv2,Mean,1,0.7886,0.998,5.0091,0.0486
QM7,GATv2,Mean,2,0.8437,1.0662,4.451,0.0295
QM7,GATv2,Mean,3,0.7929,0.984,3.3748,0.0035
QM7,GATv2,Mean,4,0.7433,0.9447,3.6882,0.0563
QM7,GATv2,Dense,0,0.7941,0.9812,3.4151,0.0619
QM7,GATv2,Dense,1,0.7963,1.0013,4.7726,0.0422
QM7,GATv2,Dense,2,0.8513,1.0516,3.683,0.0537
QM7,GATv2,Dense,3,0.7717,0.9621,3.1457,0.0665
QM7,GATv2,Dense,4,0.7588,0.9575,3.7421,0.0948
QM7,GATv2,GRU,0,0.7028,0.8976,3.8152,0.2186
QM7,GATv2,GRU,1,0.6849,0.8766,3.7658,0.2734
QM7,GATv2,GRU,2,0.723,0.8987,3.5784,0.3036
QM7,GATv2,GRU,3,0.6858,0.885,3.6109,0.1917
QM7,GATv2,GRU,4,0.6449,0.8212,2.6535,0.2778
QM7,GATv2,Set Transformer,0,0.8139,1.0115,3.0054,0.0105
QM7,GATv2,Set Transformer,1,0.8151,1.0232,5.0774,0.0206
QM7,GATv2,Set Transformer,2,0.8687,1.0831,4.2406,0.0102
QM7,GATv2,Set Transformer,3,0.7925,0.9822,3.3344,0.0016
QM7,GATv2,Set Transformer,4,0.768,0.9667,3.8748,0.0133
QM7,GCN,Sum,0,0.789,0.9895,3.803,0.0447
QM7,GCN,Sum,1,0.6874,0.8636,3.2108,0.2897
QM7,GCN,Sum,2,0.7425,0.9245,3.239,0.2675
QM7,GCN,Sum,3,0.782,0.974,3.2848,0.0202
QM7,GCN,Sum,4,0.7281,0.915,2.8634,0.1073
QM7,GCN,Max,0,0.791,0.9904,3.7885,0.0437
QM7,GCN,Max,1,0.7865,0.9956,5.0802,0.0536
QM7,GCN,Max,2,0.8279,1.0552,4.2085,0.0529
QM7,GCN,Max,3,0.7401,0.9319,3.3753,0.1004
QM7,GCN,Max,4,0.7492,0.9494,3.6176,0.0451
QM7,GCN,Mean,0,0.7953,0.9954,3.6767,0.0327
QM7,GCN,Mean,1,0.7966,1.0081,5.0222,0.0309
QM7,GCN,Mean,2,0.8456,1.0677,4.3155,0.0248
QM7,GCN,Mean,3,0.789,0.9794,3.3123,0.0092
QM7,GCN,Mean,4,0.7486,0.9466,3.5148,0.0464
QM7,GCN,Dense,0,0.7854,0.9745,3.1949,0.0729
QM7,GCN,Dense,1,0.7994,1.0052,4.5724,0.0485
QM7,GCN,Dense,2,0.8359,1.0439,3.6297,0.0613
QM7,GCN,Dense,3,0.786,0.9721,3.1291,0.0395
QM7,GCN,Dense,4,0.7633,0.9532,3.8966,0.0369
QM7,GCN,GRU,0,0.7244,0.9155,4.1835,0.2036
QM7,GCN,GRU,1,0.6862,0.8655,3.4424,0.2893
QM7,GCN,GRU,2,0.7446,0.9276,3.2818,0.2619
QM7,GCN,GRU,3,0.6994,0.8918,3.3554,0.1799
QM7,GCN,GRU,4,0.6633,0.8361,2.7598,0.2517
QM7,GCN,Set Transformer,0,0.7911,0.992,3.7805,0.0403
QM7,GCN,Set Transformer,1,0.8106,1.022,5.1194,0.0151
QM7,GCN,Set Transformer,2,0.8406,1.0622,4.2158,0.0332
QM7,GCN,Set Transformer,3,0.7917,0.9811,3.3021,0.0119
QM7,GCN,Set Transformer,4,0.7524,0.9626,3.989,0.0255
QM7,GIN,Sum,0,0.8245,1.0208,3.3244,0.0041
QM7,GIN,Sum,1,0.8353,1.048,5.1172,0.0022
QM7,GIN,Sum,2,0.8674,1.0865,4.0926,0
QM7,GIN,Sum,3,0.7972,0.9954,3.571,0.0003
QM7,GIN,Sum,4,0.7785,0.9781,3.7905,0.0006
QM7,GIN,Max,0,0.8066,1.006,3.7088,0.0185
QM7,GIN,Max,1,0.8134,1.0277,5.111,0.0032
QM7,GIN,Max,2,0.862,1.0803,4.1801,0.0008
QM7,GIN,Max,3,0.787,0.9772,3.3506,0.0144
QM7,GIN,Max,4,0.7618,0.9614,3.8723,0.0079
QM7,GIN,Mean,0,0.8124,1.0094,3.1934,0.0085
QM7,GIN,Mean,1,0.8129,1.0255,5.0625,0.0036
QM7,GIN,Mean,2,0.8552,1.0722,4.1463,0.0087
QM7,GIN,Mean,3,0.793,0.9843,3.4128,0.0034
QM7,GIN,Mean,4,0.7645,0.9623,3.8382,0.0062
QM7,GIN,Dense,0,0.8069,1.0016,3.2285,0.028
QM7,GIN,Dense,1,0.801,1.019,5.0932,0.0166
QM7,GIN,Dense,2,0.8535,1.0738,4.003,0.0196
QM7,GIN,Dense,3,0.7893,0.9771,3.206,0.013
QM7,GIN,Dense,4,0.7684,0.9659,3.9321,0.005
QM7,GIN,GRU,0,0.8483,1.0591,3.2484,0.0554
QM7,GIN,GRU,1,0.9315,1.1599,3.2461,0.0701
QM7,GIN,GRU,2,0.8373,1.0415,3.5421,0.1135
QM7,GIN,GRU,3,0.8453,1.0734,3.4106,0.0848
QM7,GIN,GRU,4,0.7763,0.9609,2.8786,0.1088
QM7,GIN,Set Transformer,0,0.8131,1.0102,3.1527,0.0086
QM7,GIN,Set Transformer,1,0.8124,1.021,4.9336,0.017
QM7,GIN,Set Transformer,2,0.8627,1.0763,4.1775,0.003
QM7,GIN,Set Transformer,3,0.7895,0.9797,3.3098,0.0071
QM7,GIN,Set Transformer,4,0.7656,0.9619,3.7884,0.007
QM7,PNA,Sum,0,0.7935,0.9917,3.4986,0.0388
QM7,PNA,Sum,1,0.7705,0.9828,4.9909,0.0792
QM7,PNA,Sum,2,0.8235,1.0375,4.073,0.0926
QM7,PNA,Sum,3,0.7917,0.9808,3.2893,0.0652
QM7,PNA,Sum,4,0.7516,0.9497,3.873,0.0367
QM7,PNA,Max,0,0.8,0.9981,3.6757,0.0311
QM7,PNA,Max,1,0.7799,1.005,5.377,0.044
QM7,PNA,Max,2,0.8311,1.0493,4.0691,0.0574
QM7,PNA,Max,3,0.7466,0.9437,3.6448,0.0914
QM7,PNA,Max,4,0.754,0.956,3.9644,0.025
QM7,PNA,Mean,0,0.7919,0.9946,3.6867,0.034
QM7,PNA,Mean,1,0.781,0.9987,5.3481,0.0497
QM7,PNA,Mean,2,0.8412,1.0581,4.214,0.0424
QM7,PNA,Mean,3,0.7925,0.9819,3.3194,0.0003
QM7,PNA,Mean,4,0.7573,0.9563,3.9323,0.0227
QM7,PNA,Dense,0,0.8018,0.9978,3.223,0.032
QM7,PNA,Dense,1,0.8174,1.0335,5.4017,0.0195
QM7,PNA,Dense,2,0.8483,1.0557,4.0741,0.0465
QM7,PNA,Dense,3,0.7852,0.9865,3.3027,0.0085
QM7,PNA,Dense,4,0.7636,0.9594,4.0265,0.0177
QM7,PNA,GRU,0,0.7267,0.9194,3.4067,0.1934
QM7,PNA,GRU,1,0.7288,0.9005,3.3004,0.2353
QM7,PNA,GRU,2,0.7563,0.9356,3.36,0.2473
QM7,PNA,GRU,3,0.7136,0.9117,2.9802,0.1506
QM7,PNA,GRU,4,0.692,0.8579,2.8606,0.2164
QM7,PNA,Set Transformer,0,0.814,1.0116,3.0056,0.0157
QM7,PNA,Set Transformer,1,0.8152,1.0232,5.0737,0.0315
QM7,PNA,Set Transformer,2,0.8685,1.0829,4.238,0.0114
QM7,PNA,Set Transformer,3,0.7925,0.9827,3.3454,0.0066
QM7,PNA,Set Transformer,4,0.768,0.9685,3.9031,0.0036
QM8,GAT,Sum,0,0.5719,0.9606,8.9944,0.0758
QM8,GAT,Sum,1,0.5945,1.0087,8.3364,0.0771
QM8,GAT,Sum,2,0.5937,0.978,8.6376,0.0761
QM8,GAT,Sum,3,0.5794,0.9623,8.4105,0.088
QM8,GAT,Sum,4,0.5733,0.9563,8.1053,0.0927
QM8,GAT,Max,0,0.579,0.9662,8.9889,0.0651
QM8,GAT,Max,1,0.6001,1.0144,8.3427,0.0701
QM8,GAT,Max,2,0.6001,0.9834,8.6256,0.0689
QM8,GAT,Max,3,0.5867,0.9706,8.4086,0.076
QM8,GAT,Max,4,0.5793,0.9639,8.2423,0.0804
QM8,GAT,Mean,0,0.58,0.9692,8.978,0.0612
QM8,GAT,Mean,1,0.6048,1.0213,9.3792,0.0575
QM8,GAT,Mean,2,0.6023,0.986,8.8343,0.066
QM8,GAT,Mean,3,0.5887,0.9754,8.4092,0.0677
QM8,GAT,Mean,4,0.585,0.9737,9.7732,0.064
QM8,GAT,Dense,0,0.5608,0.9498,8.9897,0.1062
QM8,GAT,Dense,1,0.5841,1.0025,8.297,0.0913
QM8,GAT,Dense,2,0.5866,0.9743,8.7531,0.1021
QM8,GAT,Dense,3,0.5621,0.9463,8.3903,0.1265
QM8,GAT,Dense,4,0.5669,0.9566,8.3344,0.112
QM8,GAT,GRU,0,0.562,0.9503,8.9837,0.1073
QM8,GAT,GRU,1,0.5833,0.9983,8.3252,0.1076
QM8,GAT,GRU,2,0.5865,0.9754,8.5252,0.0946
QM8,GAT,GRU,3,0.5622,0.9466,8.4043,0.1243
QM8,GAT,GRU,4,0.5695,0.9564,9.0212,0.1152
QM8,GAT,Set Transformer,0,0.5625,0.9514,8.9921,0.0961
QM8,GAT,Set Transformer,1,0.594,1.0133,8.3436,0.0775
QM8,GAT,Set Transformer,2,0.5749,0.9597,8.5987,0.1131
QM8,GAT,Set Transformer,3,0.573,0.9547,8.4207,0.1029
QM8,GAT,Set Transformer,4,0.5712,0.9518,7.9801,0.1052
QM8,GATv2,Sum,0,0.5673,0.9542,8.9951,0.0887
QM8,GATv2,Sum,1,0.5917,1.0035,8.5171,0.087
QM8,GATv2,Sum,2,0.5917,0.9727,8.73,0.0852
QM8,GATv2,Sum,3,0.5769,0.96,8.4223,0.0926
QM8,GATv2,Sum,4,0.5715,0.9548,8.1772,0.0933
QM8,GATv2,Max,0,0.5757,0.96,8.9834,0.0759
QM8,GATv2,Max,1,0.6002,1.0125,8.3466,0.0723
QM8,GATv2,Max,2,0.598,0.9818,8.9387,0.0713
QM8,GATv2,Max,3,0.5905,0.9756,8.3931,0.0662
QM8,GATv2,Max,4,0.5768,0.9564,8.0065,0.0938
QM8,GATv2,Mean,0,0.5774,0.9645,8.9773,0.0684
QM8,GATv2,Mean,1,0.6054,1.0204,8.9402,0.0593
QM8,GATv2,Mean,2,0.6026,0.9844,8.682,0.0671
QM8,GATv2,Mean,3,0.5898,0.9738,8.4094,0.0719
QM8,GATv2,Mean,4,0.5804,0.9645,8.6951,0.0806
QM8,GATv2,Dense,0,0.5639,0.9532,8.9595,0.0993
QM8,GATv2,Dense,1,0.5915,1.0124,8.3159,0.083
QM8,GATv2,Dense,2,0.5887,0.9771,8.6768,0.1006
QM8,GATv2,Dense,3,0.57,0.9565,8.4047,0.1138
QM8,GATv2,Dense,4,0.569,0.9604,8.2422,0.1013
QM8,GATv2,GRU,0,0.548,0.9382,8.9962,0.1269
QM8,GATv2,GRU,1,0.5753,0.9941,8.7257,0.1179
QM8,GATv2,GRU,2,0.5753,0.9627,9.0805,0.1163
QM8,GATv2,GRU,3,0.5606,0.9419,8.3912,0.1326
QM8,GATv2,GRU,4,0.5589,0.9438,7.8139,0.1365
QM8,GATv2,Set Transformer,0,0.5704,0.96,8.9837,0.0829
QM8,GATv2,Set Transformer,1,0.5851,1.0042,8.3558,0.0938
QM8,GATv2,Set Transformer,2,0.582,0.9669,8.8308,0.1023
QM8,GATv2,Set Transformer,3,0.5661,0.954,8.3875,0.1131
QM8,GATv2,Set Transformer,4,0.5622,0.9465,7.8137,0.1131
QM8,GCN,Sum,0,0.5723,0.9606,8.9924,0.0794
QM8,GCN,Sum,1,0.5998,1.0113,8.3331,0.075
QM8,GCN,Sum,2,0.594,0.9774,8.773,0.0785
QM8,GCN,Sum,3,0.5803,0.962,8.4166,0.0918
QM8,GCN,Sum,4,0.5784,0.9631,8.1256,0.0819
QM8,GCN,Max,0,0.5826,0.9687,8.9893,0.0669
QM8,GCN,Max,1,0.6076,1.023,8.5203,0.0601
QM8,GCN,Max,2,0.6036,0.9855,8.3624,0.0685
QM8,GCN,Max,3,0.5884,0.974,8.4107,0.0714
QM8,GCN,Max,4,0.5822,0.9684,8.8956,0.075
QM8,GCN,Mean,0,0.5819,0.972,8.9854,0.0611
QM8,GCN,Mean,1,0.6051,1.0198,8.3362,0.063
QM8,GCN,Mean,2,0.6047,0.9904,8.7965,0.0589
QM8,GCN,Mean,3,0.589,0.9745,8.4136,0.0736
QM8,GCN,Mean,4,0.5805,0.9671,9.4808,0.0768
QM8,GCN,Dense,0,0.569,0.9567,8.9744,0.1002
QM8,GCN,Dense,1,0.5911,1.0083,8.3094,0.103
QM8,GCN,Dense,2,0.5859,0.9739,8.7486,0.1022
QM8,GCN,Dense,3,0.5766,0.9657,8.3451,0.0973
QM8,GCN,Dense,4,0.5751,0.9674,8.6552,0.0952
QM8,GCN,GRU,0,0.5635,0.9522,8.9793,0.1152
QM8,GCN,GRU,1,0.5914,1.0082,8.3325,0.0886
QM8,GCN,GRU,2,0.5837,0.9747,8.168,0.0942
QM8,GCN,GRU,3,0.5656,0.9528,8.4105,0.1195
QM8,GCN,GRU,4,0.5702,0.9574,7.965,0.107
QM8,GCN,Set Transformer,0,0.5722,0.9613,9.0008,0.0822
QM8,GCN,Set Transformer,1,0.5993,1.0131,8.3306,0.0737
QM8,GCN,Set Transformer,2,0.5936,0.9802,9.1356,0.0794
QM8,GCN,Set Transformer,3,0.5868,0.9693,8.4109,0.079
QM8,GCN,Set Transformer,4,0.5751,0.9615,8.2938,0.0945
QM8,GIN,Sum,0,0.5815,0.9676,8.9904,0.0729
QM8,GIN,Sum,1,0.6077,1.0226,9.3594,0.0588
QM8,GIN,Sum,2,0.5999,0.9823,8.6191,0.0765
QM8,GIN,Sum,3,0.5905,0.975,8.405,0.0719
QM8,GIN,Sum,4,0.5815,0.9687,8.6409,0.0776
QM8,GIN,Max,0,0.5806,0.9676,8.9961,0.0756
QM8,GIN,Max,1,0.6041,1.0177,8.3344,0.0713
QM8,GIN,Max,2,0.604,0.9944,8.9834,0.0578
QM8,GIN,Max,3,0.5875,0.9736,8.4187,0.0787
QM8,GIN,Max,4,0.5838,0.9737,9.0663,0.0753
QM8,GIN,Mean,0,0.5849,0.9724,8.9912,0.0695
QM8,GIN,Mean,1,0.6134,1.0269,10.4454,0.0593
QM8,GIN,Mean,2,0.6038,0.9902,8.7691,0.0701
QM8,GIN,Mean,3,0.593,0.9761,8.4175,0.0768
QM8,GIN,Mean,4,0.5868,0.9763,10.3806,0.0614
QM8,GIN,Dense,0,0.5616,0.9486,8.9879,0.1036
QM8,GIN,Dense,1,0.584,1.01,8.2468,0.0925
QM8,GIN,Dense,2,0.5826,0.982,9.1813,0.0952
QM8,GIN,Dense,3,0.5611,0.9509,8.3813,0.1216
QM8,GIN,Dense,4,0.5676,0.9607,8.3027,0.1186
QM8,GIN,GRU,0,0.5734,0.9709,8.9985,0.0997
QM8,GIN,GRU,1,0.5952,1.0118,8.3522,0.1012
QM8,GIN,GRU,2,0.5912,0.985,8.8057,0.0916
QM8,GIN,GRU,3,0.572,0.9624,8.4127,0.1007
QM8,GIN,GRU,4,0.5827,0.9779,8.1149,0.1153
QM8,GIN,Set Transformer,0,0.574,0.9662,8.9799,0.0926
QM8,GIN,Set Transformer,1,0.601,1.0157,8.3297,0.072
QM8,GIN,Set Transformer,2,0.5921,0.9796,9.1421,0.0777
QM8,GIN,Set Transformer,3,0.5844,0.9649,8.3989,0.0942
QM8,GIN,Set Transformer,4,0.5788,0.961,7.8676,0.0892
QM8,PNA,Sum,0,0.5715,0.9607,8.9716,0.0907
QM8,PNA,Sum,1,0.599,1.0088,8.3267,0.0814
QM8,PNA,Sum,2,0.5884,0.9734,8.3919,0.0938
QM8,PNA,Sum,3,0.5823,0.9701,8.3913,0.0866
QM8,PNA,Sum,4,0.5723,0.9566,8.4581,0.1075
QM8,PNA,Max,0,0.5774,0.9661,8.9916,0.0801
QM8,PNA,Max,1,0.6017,1.0165,9.6227,0.0843
QM8,PNA,Max,2,0.5895,0.9788,8.9254,0.086
QM8,PNA,Max,3,0.5819,0.9662,8.4117,0.0878
QM8,PNA,Max,4,0.579,0.9599,8.0105,0.0968
QM8,PNA,Mean,0,0.5709,0.961,8.9829,0.0912
QM8,PNA,Mean,1,0.5993,1.0116,9.2647,0.0831
QM8,PNA,Mean,2,0.5938,0.9823,8.8918,0.0825
QM8,PNA,Mean,3,0.5777,0.9632,8.4086,0.0976
QM8,PNA,Mean,4,0.5797,0.9641,8.8505,0.0892
QM8,PNA,Dense,0,0.5571,0.9413,7.8284,0.1451
QM8,PNA,Dense,1,0.5727,0.9935,8.34,0.1259
QM8,PNA,Dense,2,0.5688,0.9625,9.0361,0.1239
QM8,PNA,Dense,3,0.5548,0.9475,8.3861,0.1336
QM8,PNA,Dense,4,0.5621,0.9577,8.909,0.0999
QM8,PNA,GRU,0,0.5826,0.9756,8.9956,0.0839
QM8,PNA,GRU,1,0.5844,1.0106,8.3456,0.1002
QM8,PNA,GRU,2,0.5948,0.99,8.2002,0.09
QM8,PNA,GRU,3,0.5831,0.9673,8.4116,0.0996
QM8,PNA,GRU,4,0.5739,0.9648,7.9224,0.1124
QM8,PNA,Set Transformer,0,0.5501,0.9439,8.9712,0.1198
QM8,PNA,Set Transformer,1,0.5832,0.9997,8.9744,0.1075
QM8,PNA,Set Transformer,2,0.5738,0.9653,9.2235,0.1056
QM8,PNA,Set Transformer,3,0.5573,0.9452,8.4209,0.136
QM8,PNA,Set Transformer,4,0.5663,0.9577,8.6005,0.1083
QM9,GAT,Sum,0,0.7592,0.9798,10.3354,0.0463
QM9,GAT,Sum,1,0.7543,0.9746,10.3414,0.0565
QM9,GAT,Sum,2,0.7523,0.9718,10.3325,0.0603
QM9,GAT,Sum,3,0.758,0.9788,10.3946,0.0483
QM9,GAT,Sum,4,0.7571,0.9772,10.3158,0.0519
QM9,GAT,Max,0,0.7343,0.9516,10.3803,0.1002
QM9,GAT,Max,1,0.7391,0.9571,10.3548,0.09
QM9,GAT,Max,2,0.737,0.9558,10.3498,0.0938
QM9,GAT,Max,3,0.7357,0.9537,10.3401,0.0969
QM9,GAT,Max,4,0.7369,0.9539,10.3231,0.0952
QM9,GAT,Mean,0,0.7542,0.9753,10.3146,0.0548
QM9,GAT,Mean,1,0.7501,0.9705,10.3312,0.0636
QM9,GAT,Mean,2,0.7424,0.9617,10.3481,0.0806
QM9,GAT,Mean,3,0.7415,0.9596,10.3542,0.0841
QM9,GAT,Mean,4,0.7434,0.9638,10.349,0.0768
QM9,GAT,Janossy Dense,0,0.6841,0.8923,10.3969,0.1961
QM9,GAT,Janossy Dense,1,0.6898,0.8999,9.1168,0.1865
QM9,GAT,Janossy Dense,2,0.6613,0.8653,10.4887,0.2444
QM9,GAT,Janossy Dense,3,0.6644,0.8697,8.925,0.2454
QM9,GAT,Janossy Dense,4,0.679,0.8899,10.1194,0.2123
QM9,GAT,Janossy GRU,0,0.6673,0.8721,10.3146,0.2314
QM9,GAT,Janossy GRU,1,0.6634,0.8662,8.9721,0.2434
QM9,GAT,Janossy GRU,2,0.6856,0.8919,10.3274,0.1981
QM9,GAT,Janossy GRU,3,0.6716,0.8788,8.6613,0.2295
QM9,GAT,Janossy GRU,4,0.6751,0.8821,10.4485,0.2243
QM9,GAT,Dense,0,0.6393,0.8446,10.1959,0.2919
QM9,GAT,Dense,1,0.6355,0.8404,10.2545,0.3025
QM9,GAT,Dense,2,0.6344,0.8373,10.4761,0.3052
QM9,GAT,Dense,3,0.6395,0.8449,10.3239,0.2931
QM9,GAT,Dense,4,0.6445,0.8509,10.3721,0.283
QM9,GAT,GRU,0,0.6137,0.8056,10.3671,0.3434
QM9,GAT,GRU,1,0.6178,0.8101,9.0333,0.3388
QM9,GAT,GRU,2,0.6155,0.8088,10.2176,0.339
QM9,GAT,GRU,3,0.6205,0.8149,8.5768,0.3369
QM9,GAT,GRU,4,0.6286,0.8229,10.2555,0.325
QM9,GAT,Set Transformer,0,0.6616,0.868,10.3911,0.2418
QM9,GAT,Set Transformer,1,0.629,0.829,9.1892,0.3122
QM9,GAT,Set Transformer,2,0.6179,0.8152,9.9177,0.331
QM9,GAT,Set Transformer,3,0.6172,0.8149,9.084,0.3383
QM9,GAT,Set Transformer,4,0.6482,0.8544,9.9816,0.2762
QM9,GATv2,Sum,0,0.7436,0.962,10.337,0.0806
QM9,GATv2,Sum,1,0.745,0.9641,10.3451,0.0767
QM9,GATv2,Sum,2,0.7421,0.9609,10.3251,0.0817
QM9,GATv2,Sum,3,0.7478,0.9668,10.3451,0.0713
QM9,GATv2,Sum,4,0.7492,0.9683,10.325,0.0678
QM9,GATv2,Max,0,0.7313,0.9476,10.3211,0.108
QM9,GATv2,Max,1,0.7305,0.9475,10.3392,0.108
QM9,GATv2,Max,2,0.728,0.945,10.3553,0.1128
QM9,GATv2,Max,3,0.7312,0.9487,10.3277,0.1066
QM9,GATv2,Max,4,0.7341,0.9525,10.3587,0.1007
QM9,GATv2,Mean,0,0.7372,0.9559,10.3725,0.0918
QM9,GATv2,Mean,1,0.7323,0.951,10.3612,0.1016
QM9,GATv2,Mean,2,0.7351,0.9536,10.4171,0.096
QM9,GATv2,Mean,3,0.7354,0.9548,10.4069,0.0934
QM9,GATv2,Mean,4,0.736,0.9544,10.3548,0.0946
QM9,GATv2,Janossy Dense,0,0.6805,0.8876,10.296,0.2053
QM9,GATv2,Janossy Dense,1,0.6617,0.865,9.0737,0.2472
QM9,GATv2,Janossy Dense,2,0.6668,0.8731,10.1636,0.2317
QM9,GATv2,Janossy Dense,3,0.6709,0.8784,8.9375,0.2312
QM9,GATv2,Janossy Dense,4,0.6675,0.874,10.2998,0.2394
QM9,GATv2,Janossy GRU,0,0.688,0.8951,10.3827,0.1909
QM9,GATv2,Janossy GRU,1,0.7232,0.9371,8.9735,0.1159
QM9,GATv2,Janossy GRU,2,0.6843,0.8941,10.3056,0.194
QM9,GATv2,Janossy GRU,3,0.7249,0.9403,8.8068,0.1187
QM9,GATv2,Janossy GRU,4,0.7087,0.9243,10.3319,0.1491
QM9,GATv2,Dense,0,0.641,0.8437,10.4217,0.2921
QM9,GATv2,Dense,1,0.6404,0.847,10.2546,0.2918
QM9,GATv2,Dense,2,0.6409,0.8444,10.4907,0.2915
QM9,GATv2,Dense,3,0.6388,0.8415,10.4129,0.297
QM9,GATv2,Dense,4,0.6522,0.8588,10.5187,0.267
QM9,GATv2,GRU,0,0.6042,0.7969,10.2507,0.3581
QM9,GATv2,GRU,1,0.6248,0.8217,9.1702,0.3194
QM9,GATv2,GRU,2,0.6155,0.8099,10.2274,0.3372
QM9,GATv2,GRU,3,0.6231,0.8174,8.6577,0.3333
QM9,GATv2,GRU,4,0.5874,0.7785,10.5727,0.3952
QM9,GATv2,Set Transformer,0,0.6319,0.8337,10.2132,0.2991
QM9,GATv2,Set Transformer,1,0.6129,0.8071,9.0703,0.3451
QM9,GATv2,Set Transformer,2,0.624,0.8226,9.7409,0.3177
QM9,GATv2,Set Transformer,3,0.6133,0.8091,8.6492,0.3466
QM9,GATv2,Set Transformer,4,0.6298,0.8292,10.0319,0.3151
QM9,GCN,Sum,0,0.735,0.9518,10.3058,0.0989
QM9,GCN,Sum,1,0.7355,0.953,10.3019,0.0968
QM9,GCN,Sum,2,0.7385,0.9567,10.3171,0.0902
QM9,GCN,Sum,3,0.7372,0.955,10.2863,0.0931
QM9,GCN,Sum,4,0.7357,0.9535,10.299,0.0955
QM9,GCN,Max,0,0.7289,0.946,10.4137,0.1096
QM9,GCN,Max,1,0.7291,0.9465,10.3496,0.109
QM9,GCN,Max,2,0.7295,0.9458,10.3663,0.1107
QM9,GCN,Max,3,0.7265,0.9437,10.2734,0.1143
QM9,GCN,Max,4,0.7289,0.946,10.342,0.1103
QM9,GCN,Mean,0,0.7348,0.9534,10.3711,0.0962
QM9,GCN,Mean,1,0.7345,0.9526,10.3216,0.0985
QM9,GCN,Mean,2,0.7352,0.9538,10.3289,0.096
QM9,GCN,Mean,3,0.7338,0.9524,10.3313,0.0984
QM9,GCN,Mean,4,0.7348,0.953,10.3079,0.0969
QM9,GCN,Janossy Dense,0,0.6771,0.8816,10.4196,0.2172
QM9,GCN,Janossy Dense,1,0.651,0.8521,9.2199,0.2686
QM9,GCN,Janossy Dense,2,0.6961,0.9077,10.2468,0.1696
QM9,GCN,Janossy Dense,3,0.6516,0.8575,8.6118,0.2683
QM9,GCN,Janossy Dense,4,0.6685,0.8762,10.1392,0.2376
QM9,GCN,Janossy GRU,0,0.6641,0.8705,10.2624,0.2343
QM9,GCN,Janossy GRU,1,0.6421,0.8412,9.1202,0.287
QM9,GCN,Janossy GRU,2,0.6764,0.8843,10.284,0.2099
QM9,GCN,Janossy GRU,3,0.695,0.9069,8.5507,0.1799
QM9,GCN,Janossy GRU,4,0.6911,0.9037,10.4176,0.186
QM9,GCN,Dense,0,0.6316,0.8377,10.8501,0.3093
QM9,GCN,Dense,1,0.6329,0.8366,10.78,0.3142
QM9,GCN,Dense,2,0.633,0.8375,10.3481,0.3098
QM9,GCN,Dense,3,0.6296,0.831,10.8239,0.3193
QM9,GCN,Dense,4,0.6328,0.836,10.5851,0.3074
QM9,GCN,GRU,0,0.6162,0.81,9.9793,0.3395
QM9,GCN,GRU,1,0.6247,0.8188,9.311,0.3258
QM9,GCN,GRU,2,0.6116,0.8044,9.9369,0.3477
QM9,GCN,GRU,3,0.6028,0.7952,8.9653,0.3697
QM9,GCN,GRU,4,0.6263,0.8247,10.2698,0.3243
QM9,GCN,Set Transformer,0,0.5965,0.7895,10.1249,0.3787
QM9,GCN,Set Transformer,1,0.5992,0.7928,9.5272,0.3743
QM9,GCN,Set Transformer,2,0.6086,0.806,9.8537,0.3576
QM9,GCN,Set Transformer,3,0.5956,0.789,8.5442,0.3856
QM9,GCN,Set Transformer,4,0.6012,0.7956,9.8622,0.3856
QM9,GIN,Sum,0,0.7064,0.9205,10.2885,0.1572
QM9,GIN,Sum,1,0.7068,0.9226,10.288,0.1538
QM9,GIN,Sum,2,0.7064,0.923,10.2932,0.1529
QM9,GIN,Sum,3,0.7054,0.9202,10.3337,0.1578
QM9,GIN,Sum,4,0.7088,0.9255,10.3273,0.1481
QM9,GIN,Max,0,0.6987,0.9127,10.4302,0.1709
QM9,GIN,Max,1,0.7026,0.9177,10.2888,0.1647
QM9,GIN,Max,2,0.7037,0.9199,10.3719,0.1594
QM9,GIN,Max,3,0.704,0.9203,10.3301,0.1601
QM9,GIN,Max,4,0.7023,0.9166,10.448,0.1653
QM9,GIN,Mean,0,0.7165,0.9337,10.3485,0.1326
QM9,GIN,Mean,1,0.7159,0.9333,10.3491,0.1338
QM9,GIN,Mean,2,0.7162,0.9332,10.3376,0.1342
QM9,GIN,Mean,3,0.714,0.9315,10.3673,0.1371
QM9,GIN,Mean,4,0.7163,0.9342,10.3311,0.1331
QM9,GIN,Janossy Dense,0,0.6228,0.821,10.3858,0.3201
QM9,GIN,Janossy Dense,1,0.6048,0.7971,9.1467,0.3607
QM9,GIN,Janossy Dense,2,0.6029,0.795,9.9243,0.3645
QM9,GIN,Janossy Dense,3,0.6263,0.8259,8.6632,0.3204
QM9,GIN,Janossy Dense,4,0.6096,0.8042,10.3732,0.3557
QM9,GIN,Janossy GRU,0,0.651,0.8524,10.3552,0.2656
QM9,GIN,Janossy GRU,1,0.6354,0.8328,9.2971,0.3003
QM9,GIN,Janossy GRU,2,0.6784,0.8887,10.2036,0.2039
QM9,GIN,Janossy GRU,3,0.6344,0.8334,8.864,0.3065
QM9,GIN,Janossy GRU,4,0.6954,0.9072,10.4465,0.1803
QM9,GIN,Dense,0,0.5951,0.7904,10.5085,0.386
QM9,GIN,Dense,1,0.5962,0.7925,10.6473,0.379
QM9,GIN,Dense,2,0.5969,0.7908,10.4081,0.3817
QM9,GIN,Dense,3,0.5999,0.7944,10.7149,0.3755
QM9,GIN,Dense,4,0.5985,0.7943,10.4733,0.3762
QM9,GIN,GRU,0,0.5951,0.787,10.6465,0.3778
QM9,GIN,GRU,1,0.5967,0.786,9.085,0.3799
QM9,GIN,GRU,2,0.5948,0.7849,10.188,0.3803
QM9,GIN,GRU,3,0.6019,0.7947,8.6607,0.3717
QM9,GIN,GRU,4,0.6021,0.7949,10.4314,0.3737
QM9,GIN,Set Transformer,0,0.5974,0.7926,10.7671,0.3769
QM9,GIN,Set Transformer,1,0.5926,0.7846,9.5199,0.3955
QM9,GIN,Set Transformer,2,0.5873,0.7835,9.6353,0.3968
QM9,GIN,Set Transformer,3,0.5895,0.7852,8.5124,0.3988
QM9,GIN,Set Transformer,4,0.5928,0.7862,10.3163,0.3974
QM9,PNA,Sum,0,0.6957,0.9101,10.359,0.1766
QM9,PNA,Sum,1,0.6973,0.9125,10.4062,0.1723
QM9,PNA,Sum,2,0.6945,0.906,10.3194,0.1843
QM9,PNA,Sum,3,0.7004,0.9146,10.41,0.1678
QM9,PNA,Sum,4,0.698,0.9126,10.4766,0.1721
QM9,PNA,Max,0,0.6842,0.8955,10.4467,0.2027
QM9,PNA,Max,1,0.6864,0.8983,10.4633,0.203
QM9,PNA,Max,2,0.6825,0.8953,10.5791,0.2044
QM9,PNA,Max,3,0.6802,0.8906,10.3238,0.2125
QM9,PNA,Max,4,0.6851,0.8965,10.4078,0.2021
QM9,PNA,Mean,0,0.7066,0.9222,10.4733,0.1554
QM9,PNA,Mean,1,0.6992,0.9134,10.3731,0.1724
QM9,PNA,Mean,2,0.7032,0.9179,10.3868,0.1667
QM9,PNA,Mean,3,0.7052,0.9214,10.4089,0.1567
QM9,PNA,Mean,4,0.6989,0.9143,10.439,0.1703
QM9,PNA,Janossy Dense,0,0.6026,0.7996,10.5295,0.3548
QM9,PNA,Janossy Dense,1,0.6002,0.7899,9.3301,0.3706
QM9,PNA,Janossy Dense,2,0.6248,0.8231,9.9983,0.3169
QM9,PNA,Janossy Dense,3,0.619,0.8159,8.8449,0.3352
QM9,PNA,Janossy Dense,4,0.6265,0.8252,9.8475,0.3217
QM9,PNA,Janossy GRU,0,0.6179,0.815,10.2141,0.3289
QM9,PNA,Janossy GRU,1,0.6195,0.8138,9.4619,0.3325
QM9,PNA,Janossy GRU,2,0.6272,0.8246,10.3171,0.3133
QM9,PNA,Janossy GRU,3,0.6212,0.82,8.8438,0.3288
QM9,PNA,Janossy GRU,4,0.6435,0.8437,10.2799,0.2906
QM9,PNA,Dense,0,0.5849,0.7778,10.2826,0.4013
QM9,PNA,Dense,1,0.5811,0.774,10.6646,0.407
QM9,PNA,Dense,2,0.5833,0.7772,10.5982,0.4032
QM9,PNA,Dense,3,0.5785,0.7699,10.4245,0.4116
QM9,PNA,Dense,4,0.5846,0.7752,10.5681,0.4057
QM9,PNA,GRU,0,0.5947,0.7878,10.3817,0.38
QM9,PNA,GRU,1,0.582,0.7689,9.1227,0.4047
QM9,PNA,GRU,2,0.6057,0.8006,10.2012,0.3573
QM9,PNA,GRU,3,0.5978,0.7896,8.8056,0.383
QM9,PNA,GRU,4,0.6191,0.8179,10.2637,0.3449
QM9,PNA,Set Transformer,0,0.5745,0.7658,9.9051,0.4158
QM9,PNA,Set Transformer,1,0.5636,0.7496,9.5576,0.4415
QM9,PNA,Set Transformer,2,0.5592,0.7471,9.7595,0.4412
QM9,PNA,Set Transformer,3,0.5628,0.7524,8.3324,0.4433
QM9,PNA,Set Transformer,4,0.5654,0.7526,9.9215,0.4435
ZINC,PNA,GRU,,0.333457828,0.650949121,17.28127098,0.894536844
ZINC,GATv2,GRU,,0.912788272,1.252016902,16.83223152,0.665936432
ZINC,GAT,GRU,,1.456344247,2.078612328,16.74043465,0.061203053
ZINC,GCN,GRU,,0.92206955,1.400636077,16.92419624,0.505658011
ZINC,GIN,GRU,,0.558488786,0.919110835,16.52760124,0.786257081
ZINC,PNA,Mean,,0.388585,0.7487753,15.838658,0.859472802
ZINC,PNA,Dense,,0.35740322,0.6968111,16.84278,0.877633953
ZINC,PNA,Sum,,0.35796064,0.7270762,18.625196,0.866232242
ZINC,PNA,Set Transformer,,0.43453446,0.78271765,17.060184,0.846397738
ZINC,PNA,Max,,0.47380078,0.752035,8.301863,0.857591929
ZINC,GIN,Mean,,0.5686846,0.95601237,15.881928,0.769203526
ZINC,GIN,Dense,,0.5021964,0.92327297,21.774933,0.785599997
ZINC,GIN,Sum,,0.50716007,0.8888676,16.084267,0.800350633
ZINC,GIN,Set Transformer,,0.5321678,0.92123944,14.5609045,0.785991198
ZINC,GIN,Max,,0.6426429,1.058244,17.475515,0.716908267
ZINC,GAT,Mean,,0.9017002,1.353816,16.317759,0.540408487
ZINC,GAT,Dense,,0.7869836,1.2580647,17.0808,0.601404972
ZINC,GAT,Sum,,0.86006504,1.2857391,16.818022,0.59072501
ZINC,GAT,Set Transformer,,1.0416592,1.4782515,16.101204,0.467927568
ZINC,GAT,Max,,1.2501159,1.5959759,14.74753,0.501366191
ZINC,GCN,Mean,,0.73698366,1.2024293,17.11907,0.634439516
ZINC,GCN,Dense,,0.6835092,1.0995992,16.766594,0.694482338
ZINC,GCN,Sum,,0.8025714,1.2734812,17.9408,0.594073873
ZINC,GCN,Set Transformer,,0.718056,1.2075458,17.911625,0.640915387
ZINC,GCN,Max,,0.87747186,1.3096088,16.927471,0.56808872
ZINC,GATv2,Mean,,1.2580082,1.6272188,15.615783,0.425535015
ZINC,GATv2,Dense,,1.4908872,1.8604935,15.878063,0.420131845
ZINC,GATv2,Sum,,1.0641174,1.488308,16.168037,0.469277922
ZINC,GATv2,Set Transformer,,2.385194,2.675567,14.972032,0.415994441
ZINC,GATv2,Max,,1.3381616,1.7258359,14.788081,0.38966236
alchemy_full,PNA,Mean,3,16.342627,47.378,1415.9294,0.993563557
alchemy_full,PNA,Mean,2,17.039307,51.900494,3246.4917,0.992086565
alchemy_full,PNA,Mean,4,16.843262,49.725018,1556.9021,0.993105025
alchemy_full,PNA,Mean,1,16.05119,47.79045,1291.5283,0.993587777
alchemy_full,PNA,Mean,0,17.27048,51.88898,3490.4346,0.992843101
alchemy_full,PNA,Dense,3,12.524696,30.630196,855.1078,0.998375588
alchemy_full,PNA,Dense,2,8.499426,23.654825,2469.5757,0.998353573
alchemy_full,PNA,Dense,4,11.464788,28.084461,689.4656,0.998147389
alchemy_full,PNA,Dense,1,9.11841,23.123194,572.5532,0.998550982
alchemy_full,PNA,Dense,0,9.08287,25.269232,2502.637,0.998562605
alchemy_full,PNA,Sum,3,10.857134,34.525738,1037.5544,0.996904993
alchemy_full,PNA,Sum,2,9.977766,32.618034,3218.144,0.997069524
alchemy_full,PNA,Sum,4,10.188562,33.12162,1246.0115,0.996782735
alchemy_full,PNA,Sum,1,10.586579,32.00588,1001.0051,0.996930213
alchemy_full,PNA,Sum,0,9.865283,32.878506,3230.9429,0.996949664
alchemy_full,PNA,Set Transformer,3,8.629953,23.440504,890.8186,0.998475807
alchemy_full,PNA,Set Transformer,2,10.877317,29.128284,2810.04,0.997502137
alchemy_full,PNA,Set Transformer,4,10.160638,28.08793,1185.2124,0.998425519
alchemy_full,PNA,Set Transformer,1,9.771819,26.751375,827.177,0.99809521
alchemy_full,PNA,Set Transformer,0,11.8174305,33.436317,2672.8137,0.996751209
alchemy_full,PNA,GRU,3,7.861351,18.980145,886.6133,0.999108511
alchemy_full,PNA,GRU,2,6.7317824,19.305248,1148.2605,0.998969878
alchemy_full,PNA,GRU,4,7.2076344,20.744848,899.5918,0.998807516
alchemy_full,PNA,GRU,1,7.1769543,19.390553,583.43384,0.99918176
alchemy_full,PNA,GRU,0,7.2344723,21.94737,1741.3655,0.998696772
alchemy_full,PNA,Max,3,14.135636,37.038723,1007.7081,0.996916394
alchemy_full,PNA,Max,2,12.661571,31.397459,1308.4664,0.997290971
alchemy_full,PNA,Max,4,15.314601,39.550167,1471.4639,0.996785233
alchemy_full,PNA,Max,1,13.512408,34.759644,1176.9336,0.997164009
alchemy_full,PNA,Max,0,13.392481,35.066647,1231.0397,0.997141671
alchemy_full,GIN,Mean,3,48.932518,110.67916,2022.0521,0.967794364
alchemy_full,GIN,Mean,2,39.15657,99.8817,4276.456,0.970724983
alchemy_full,GIN,Mean,4,39.90861,102.22353,2808.166,0.969452373
alchemy_full,GIN,Mean,1,39.637875,101.75628,2357.4949,0.969913192
alchemy_full,GIN,Mean,0,39.671677,101.63513,6051.4253,0.969454965
alchemy_full,GIN,Dense,3,20.407774,68.21896,5630.4253,0.989838479
alchemy_full,GIN,Dense,2,16.138464,53.963707,5913.7627,0.992835878
alchemy_full,GIN,Dense,4,33.36108,82.65211,4607.7603,0.981388525
alchemy_full,GIN,Dense,1,16.96088,55.078373,1421.1897,0.993598946
alchemy_full,GIN,Dense,0,14.330793,53.61677,5243.246,0.991973029
alchemy_full,GIN,Sum,3,18.134119,63.752373,1844.8733,0.988392295
alchemy_full,GIN,Sum,2,17.157467,63.18534,1782.7219,0.98810084
alchemy_full,GIN,Sum,4,18.671192,64.909966,2701.12,0.98750179
alchemy_full,GIN,Sum,1,15.93413,61.28476,1650.8097,0.988766219
alchemy_full,GIN,Sum,0,17.572916,64.217575,1890.6279,0.987804108
alchemy_full,GIN,Set Transformer,3,11.991112,37.400425,2565.3208,0.996547139
alchemy_full,GIN,Set Transformer,2,14.582922,46.11636,2286.9692,0.995238156
alchemy_full,GIN,Set Transformer,4,15.889882,53.048897,3497.7378,0.994344355
alchemy_full,GIN,Set Transformer,1,14.292971,46.868584,1120.2179,0.995743395
alchemy_full,GIN,Set Transformer,0,12.3790045,39.798397,1702.2637,0.99627718
alchemy_full,GIN,GRU,3,12.802317,45.724323,1505.271,0.994297306
alchemy_full,GIN,GRU,2,13.271069,46.753563,1973.612,0.99427058
alchemy_full,GIN,GRU,4,14.3158245,47.423954,1420.0337,0.994398111
alchemy_full,GIN,GRU,1,13.490233,47.705524,1365.7766,0.994039864
alchemy_full,GIN,GRU,0,12.850976,45.312977,1912.4526,0.994218416
alchemy_full,GIN,Max,3,27.24484,77.9645,2150.8984,0.991338275
alchemy_full,GIN,Max,2,21.417286,61.263245,2698.8867,0.992806974
alchemy_full,GIN,Max,4,45.0368,118.848076,1735.3713,0.987625632
alchemy_full,GIN,Max,1,35.949997,98.75822,1537.6901,0.989898101
alchemy_full,GIN,Max,0,27.887642,78.31647,2895.9524,0.990865507
alchemy_full,GAT,Mean,3,56.1933,135.55652,2404.499,0.970253155
alchemy_full,GAT,Mean,2,51.6435,136.26869,3068.457,0.965962466
alchemy_full,GAT,Mean,4,57.568676,147.00955,2628.313,0.965198939
alchemy_full,GAT,Mean,1,57.915787,147.39111,2345.1462,0.965178374
alchemy_full,GAT,Mean,0,57.799366,137.17155,3024.1504,0.969162511
alchemy_full,GAT,Dense,3,17.320332,49.949135,1283.8599,0.994798178
alchemy_full,GAT,Dense,2,15.575927,47.398556,2317.534,0.995098745
alchemy_full,GAT,Dense,4,17.181644,49.80799,1371.9824,0.995339191
alchemy_full,GAT,Dense,1,14.893165,44.409916,1163.8647,0.995395189
alchemy_full,GAT,Dense,0,14.380054,44.93163,2041.3589,0.995164717
alchemy_full,GAT,Sum,3,48.20219,118.74133,2506.396,0.980843097
alchemy_full,GAT,Sum,2,50.06542,119.93556,3047.1206,0.980870056
alchemy_full,GAT,Sum,4,44.26879,113.18343,2481.0483,0.980332142
alchemy_full,GAT,Sum,1,46.57161,114.714386,2041.436,0.980444251
alchemy_full,GAT,Sum,0,44.871574,110.32161,2986.6484,0.980341473
alchemy_full,GAT,Set Transformer,3,15.799353,47.545506,901.43384,0.996711731
alchemy_full,GAT,Set Transformer,2,16.218073,50.270187,2178.3008,0.996167996
alchemy_full,GAT,Set Transformer,4,34.885147,80.005455,1482.1226,0.984927261
alchemy_full,GAT,Set Transformer,1,12.414465,37.896706,1248.1753,0.997064631
alchemy_full,GAT,Set Transformer,0,18.287912,52.74609,1231.2244,0.996604914
alchemy_full,GAT,GRU,3,17.557503,50.48472,930.4862,0.996573479
alchemy_full,GAT,GRU,2,15.119732,48.02191,1377.8577,0.996091448
alchemy_full,GAT,GRU,4,15.339512,46.442688,1408.7115,0.996916962
alchemy_full,GAT,GRU,1,17.024273,48.366787,1155.388,0.997132395
alchemy_full,GAT,GRU,0,15.762674,48.387093,1439.8774,0.996093298
alchemy_full,GAT,Max,3,94.99065,197.72563,2881.2183,0.97185887
alchemy_full,GAT,Max,2,73.86476,152.80496,2240.5427,0.989757002
alchemy_full,GAT,Max,4,72.79859,154.34425,2229.7644,0.989028592
alchemy_full,GAT,Max,1,74.12755,153.8388,2274.662,0.989396664
alchemy_full,GAT,Max,0,77.302826,162.23795,2109.567,0.987936759
alchemy_full,GCN,Mean,3,28.131172,90.65126,2125.9048,0.9754835
alchemy_full,GCN,Mean,2,28.32661,91.233696,2687.7505,0.975424305
alchemy_full,GCN,Mean,4,29.790491,94.52137,2247.2964,0.973426585
alchemy_full,GCN,Mean,1,29.581581,94.59467,2018.2139,0.973529239
alchemy_full,GCN,Mean,0,28.713804,92.10526,2589.2537,0.974759552
alchemy_full,GCN,Dense,3,12.329221,36.42276,982.5941,0.996102713
alchemy_full,GCN,Dense,2,12.375134,35.535496,1347.404,0.996567544
alchemy_full,GCN,Dense,4,13.400369,38.5345,1417.3582,0.995641265
alchemy_full,GCN,Dense,1,13.67147,38.87283,1078.368,0.996303316
alchemy_full,GCN,Dense,0,11.966135,36.997814,1272.8916,0.996441488
alchemy_full,GCN,Sum,3,17.740395,74.397964,2351.8938,0.984437448
alchemy_full,GCN,Sum,2,18.498878,70.258835,2646.9258,0.985268562
alchemy_full,GCN,Sum,4,17.303375,68.27474,1985.7354,0.986183507
alchemy_full,GCN,Sum,1,17.398535,71.32668,1814.3944,0.984881782
alchemy_full,GCN,Sum,0,17.944925,71.60622,2684.4316,0.984724339
alchemy_full,GCN,Set Transformer,3,9.554987,28.733253,1209.2114,0.997704954
alchemy_full,GCN,Set Transformer,2,9.376104,28.180462,1253.4225,0.997718155
alchemy_full,GCN,Set Transformer,4,9.089348,29.087957,1204.8749,0.997655973
alchemy_full,GCN,Set Transformer,1,10.063413,29.156794,817.09094,0.997577155
alchemy_full,GCN,Set Transformer,0,9.823178,28.987793,1139.2214,0.997705838
alchemy_full,GCN,GRU,3,9.640811,30.871376,983.5819,0.997251657
alchemy_full,GCN,GRU,2,9.785205,31.299637,1254.9117,0.997474696
alchemy_full,GCN,GRU,4,9.373424,29.014482,932.1194,0.99751607
alchemy_full,GCN,GRU,1,8.301574,27.156582,892.869,0.99783408
alchemy_full,GCN,GRU,0,9.140904,29.888445,1169.2291,0.997421763
alchemy_full,GCN,Max,3,19.16806,51.888176,1639.4535,0.99199384
alchemy_full,GCN,Max,2,18.957663,50.45013,1562.6124,0.992523018
alchemy_full,GCN,Max,4,18.55984,49.096554,1750.8711,0.992846487
alchemy_full,GCN,Max,1,18.755625,50.279385,1493.2411,0.992592457
alchemy_full,GCN,Max,0,19.05516,51.480755,1542.8212,0.992250346
alchemy_full,GATv2,Mean,3,48.50177,127.455574,2391.8267,0.96685816
alchemy_full,GATv2,Mean,2,51.336067,126.67192,2959.8342,0.970592297
alchemy_full,GATv2,Mean,4,50.30353,131.0681,2489.1667,0.967094581
alchemy_full,GATv2,Mean,1,50.5002,122.8275,2162.565,0.971249172
alchemy_full,GATv2,Mean,0,49.068726,127.55777,2949.026,0.967377165
alchemy_full,GATv2,Dense,3,17.307522,50.210747,1266.5281,0.995966943
alchemy_full,GATv2,Dense,2,15.508953,46.899345,2014.5483,0.995546086
alchemy_full,GATv2,Dense,4,19.36144,54.59413,1450.0723,0.995745919
alchemy_full,GATv2,Dense,1,16.614035,46.571537,1213.7227,0.995684247
alchemy_full,GATv2,Dense,0,20.0096,54.216457,2167.4536,0.995181544
alchemy_full,GATv2,Sum,3,43.66326,108.7724,2469.9429,0.979503205
alchemy_full,GATv2,Sum,2,50.61119,120.7834,3057.5547,0.980946534
alchemy_full,GATv2,Sum,4,42.05596,108.1638,2439.3433,0.979781925
alchemy_full,GATv2,Sum,1,50.07081,118.93879,1996.0197,0.979798905
alchemy_full,GATv2,Sum,0,43.57417,105.68398,3006.0703,0.980757665
alchemy_full,GATv2,Set Transformer,3,14.560382,44.21482,1599.609,0.997180664
alchemy_full,GATv2,Set Transformer,2,16.832224,47.46758,1391.0332,0.996534946
alchemy_full,GATv2,Set Transformer,4,16.052706,47.878006,1331.3683,0.996634563
alchemy_full,GATv2,Set Transformer,1,13.950801,41.399445,1197.7275,0.996612409
alchemy_full,GATv2,Set Transformer,0,14.160593,45.322582,1129.5968,0.996899431
alchemy_full,GATv2,GRU,3,14.340158,45.483486,930.70337,0.996645685
alchemy_full,GATv2,GRU,2,13.317063,42.93489,1443.9005,0.997181236
alchemy_full,GATv2,GRU,4,17.2966,47.486702,1411.488,0.997357086
alchemy_full,GATv2,GRU,1,16.092707,45.953373,1093.6917,0.997251378
alchemy_full,GATv2,GRU,0,15.11783,45.021774,1229.053,0.996135176
alchemy_full,GATv2,Max,3,61.846077,125.46124,1945.2825,0.990013663
alchemy_full,GATv2,Max,2,68.748535,140.26129,2192.5225,0.989893059
alchemy_full,GATv2,Max,4,70.12791,142.17317,2308.5994,0.988323013
alchemy_full,GATv2,Max,1,69.7593,139.54134,2104.0684,0.988631913
alchemy_full,GATv2,Max,0,66.373,135.99727,1964.5876,0.988833597
